"Points","HJ","PV","LJ","TJ","SP","Hept."
"1400","-","6.48","-","19.19","24.66","7265"
"1399","-","-","9.19","19.18","24.64","7261"
"1398","-","-","-","19.17","24.62","7256"
"1397","-","6.47","9.18","19.16","24.61","7251"
"1396","-","-","-","19.15","24.59","7246"
"1395","2.54","-","9.17","19.14","24.57","7242"
"1394","-","6.46","-","19.13","24.56","7237"
"1393","-","-","9.16","19.12","24.54","7232"
"1392","-","6.45","-","19.11","24.52","7228"
"1391","-","-","9.15","19.10","24.51","7223"
"1390","-","-","-","-","24.49","7218"
"1389","-","6.44","-","19.09","24.47","7213"
"1388","-","-","9.14","19.08","24.46","7209"
"1387","-","-","-","19.07","24.44","7204"
"1386","2.53","6.43","9.13","19.06","24.42","7199"
"1385","-","-","-","19.05","24.41","7194"
"1384","-","-","9.12","19.04","24.39","7190"
"1383","-","6.42","-","19.03","24.37","7185"
"1382","-","-","9.11","19.02","24.36","7180"
"1381","-","6.41","-","19.01","24.34","7176"
"1380","-","-","-","19.00","24.32","7171"
"1379","-","-","9.10","18.99","24.31","7166"
"1378","-","6.40","-","-","24.29","7161"
"1377","2.52","-","9.09","18.98","24.27","7157"
"1376","-","-","-","18.97","24.26","7152"
"1375","-","6.39","9.08","18.96","24.24","7147"
"1374","-","-","-","18.95","24.22","7142"
"1373","-","-","9.07","18.94","24.21","7138"
"1372","-","6.38","-","18.93","24.19","7133"
"1371","-","-","9.06","18.92","24.17","7128"
"1370","-","-","-","18.91","24.16","7123"
"1369","-","6.37","-","18.90","24.14","7119"
"1368","2.51","-","9.05","18.89","24.12","7114"
"1367","-","6.36","-","18.88","24.11","7109"
"1366","-","-","9.04","18.87","24.09","7105"
"1365","-","-","-","-","24.07","7100"
"1364","-","6.35","9.03","18.86","24.06","7095"
"1363","-","-","-","18.85","24.04","7090"
"1362","-","-","9.02","18.84","24.02","7086"
"1361","-","6.34","-","18.83","24.01","7081"
"1360","-","-","9.01","18.82","23.99","7076"
"1359","2.50","-","-","18.81","23.97","7071"
"1358","-","6.33","-","18.80","23.96","7067"
"1357","-","-","9.00","18.79","23.94","7062"
"1356","-","-","-","18.78","23.92","7057"
"1355","-","6.32","8.99","18.77","23.91","7052"
"1354","-","-","-","18.76","23.89","7048"
"1353","-","6.31","8.98","18.75","23.87","7043"
"1352","-","-","-","-","23.86","7038"
"1351","-","-","8.97","18.74","23.84","7033"
"1350","2.49","6.30","-","18.73","23.82","7029"
"1349","-","-","-","18.72","23.81","7024"
"1348","-","-","8.96","18.71","23.79","7019"
"1347","-","6.29","-","18.70","23.77","7015"
"1346","-","-","8.95","18.69","23.76","7010"
"1345","-","-","-","18.68","23.74","7005"
"1344","-","6.28","8.94","18.67","23.72","7000"
"1343","-","-","-","18.66","23.71","6996"
"1342","-","6.27","8.93","18.65","23.69","6991"
"1341","2.48","-","-","18.64","23.67","6986"
"1340","-","-","8.92","18.63","23.66","6981"
"1339","-","6.26","-","18.62","23.64","6977"
"1338","-","-","-","-","23.62","6972"
"1337","-","-","8.91","18.61","23.61","6967"
"1336","-","6.25","-","18.60","23.59","6962"
"1335","-","-","8.90","18.59","23.57","6958"
"1334","-","-","-","18.58","23.56","6953"
"1333","-","6.24","8.89","18.57","23.54","6948"
"1332","2.47","-","-","18.56","23.52","6943"
"1331","-","-","8.88","18.55","23.51","6939"
"1330","-","6.23","-","18.54","23.49","6934"
"1329","-","-","8.87","18.53","23.47","6929"
"1328","-","6.22","-","18.52","23.46","6924"
"1327","-","-","-","18.51","23.44","6920"
"1326","-","-","8.86","18.50","23.42","6915"
"1325","-","6.21","-","-","23.41","6910"
"1324","-","-","8.85","18.49","23.39","6905"
"1323","2.46","-","-","18.48","23.37","6901"
"1322","-","6.20","8.84","18.47","23.36","6896"
"1321","-","-","-","18.46","23.34","6891"
"1320","-","-","8.83","18.45","23.32","6886"
"1319","-","6.19","-","18.44","23.31","6882"
"1318","-","-","8.82","18.43","23.29","6877"
"1317","-","6.18","-","18.42","23.27","6872"
"1316","-","-","-","18.41","23.26","6867"
"1315","-","-","8.81","18.40","23.24","6863"
"1314","2.45","6.17","-","18.39","23.22","6858"
"1313","-","-","8.80","18.38","23.21","6853"
"1312","-","-","-","-","23.19","6848"
"1311","-","6.16","8.79","18.37","23.17","6844"
"1310","-","-","-","18.36","23.16","6839"
"1309","-","-","8.78","18.35","23.14","6834"
"1308","-","6.15","-","18.34","23.12","6829"
"1307","-","-","-","18.33","23.11","6825"
"1306","-","6.14","8.77","18.32","23.09","6820"
"1305","2.44","-","-","18.31","23.07","6815"
"1304","-","-","8.76","18.30","23.06","6810"
"1303","-","6.13","-","18.29","23.04","6806"
"1302","-","-","8.75","18.28","23.02","6801"
"1301","-","-","-","18.27","23.01","6796"
"1300","-","6.12","8.74","18.26","22.99","6791"
"1299","-","-","-","18.25","22.97","6786"
"1298","-","-","8.73","-","22.96","6782"
"1297","-","6.11","-","18.24","22.94","6777"
"1296","2.43","-","-","18.23","22.92","6772"
"1295","-","-","8.72","18.22","22.91","6767"
"1294","-","6.10","-","18.21","22.89","6763"
"1293","-","-","8.71","18.20","22.87","6758"
"1292","-","6.09","-","18.19","22.86","6753"
"1291","-","-","8.70","18.18","22.84","6748"
"1290","-","-","-","18.17","22.82","6744"
"1289","-","6.08","8.69","18.16","22.81","6739"
"1288","-","-","-","18.15","22.79","6734"
"1287","2.42","-","8.68","18.14","22.77","6729"
"1286","-","6.07","-","18.13","22.76","6725"
"1285","-","-","-","18.12","22.74","6720"
"1284","-","-","8.67","-","22.72","6715"
"1283","-","6.06","-","18.11","22.71","6710"
"1282","-","-","8.66","18.10","22.69","6706"
"1281","-","6.05","-","18.09","22.67","6701"
"1280","-","-","8.65","18.08","22.66","6696"
"1279","-","-","-","18.07","22.64","6691"
"1278","2.41","6.04","8.64","18.06","22.62","6686"
"1277","-","-","-","18.05","22.61","6682"
"1276","-","-","8.63","18.04","22.59","6677"
"1275","-","6.03","-","18.03","22.57","6672"
"1274","-","-","-","18.02","22.56","6667"
"1273","-","-","8.62","18.01","22.54","6663"
"1272","-","6.02","-","18.00","22.52","6658"
"1271","-","-","8.61","17.99","22.51","6653"
"1270","-","6.01","-","-","22.49","6648"
"1269","2.40","-","8.60","17.98","22.47","6644"
"1268","-","-","-","17.97","22.46","6639"
"1267","-","6.00","8.59","17.96","22.44","6634"
"1266","-","-","-","17.95","22.42","6629"
"1265","-","-","8.58","17.94","22.41","6624"
"1264","-","5.99","-","17.93","22.39","6620"
"1263","-","-","-","17.92","22.37","6615"
"1262","-","-","8.57","17.91","22.36","6610"
"1261","-","5.98","-","17.90","22.34","6605"
"1260","2.39","-","8.56","17.89","22.32","6601"
"1259","-","5.97","-","17.88","22.31","6596"
"1258","-","-","8.55","17.87","22.29","6591"
"1257","-","-","-","17.86","22.27","6586"
"1256","-","5.96","8.54","17.85","22.26","6581"
"1255","-","-","-","-","22.24","6577"
"1254","-","-","8.53","17.84","22.22","6572"
"1253","-","5.95","-","17.83","22.21","6567"
"1252","-","-","-","17.82","22.19","6562"
"1251","2.38","-","8.52","17.81","22.17","6558"
"1250","-","5.94","-","17.80","22.16","6553"
"1249","-","-","8.51","17.79","22.14","6548"
"1248","-","-","-","17.78","22.12","6543"
"1247","-","5.93","8.50","17.77","22.11","6538"
"1246","-","-","-","17.76","22.09","6534"
"1245","-","5.92","8.49","17.75","22.07","6529"
"1244","-","-","-","17.74","22.06","6524"
"1243","-","-","8.48","17.73","22.04","6519"
"1242","2.37","5.91","-","17.72","22.02","6515"
"1241","-","-","-","-","22.01","6510"
"1240","-","-","8.47","17.71","21.99","6505"
"1239","-","5.90","-","17.70","21.97","6500"
"1238","-","-","8.46","17.69","21.96","6495"
"1237","-","-","-","17.68","21.94","6491"
"1236","-","5.89","8.45","17.67","21.92","6486"
"1235","-","-","-","17.66","21.91","6481"
"1234","-","5.88","8.44","17.65","21.89","6476"
"1233","2.36","-","-","17.64","21.87","6472"
"1232","-","-","8.43","17.63","21.86","6467"
"1231","-","5.87","-","17.62","21.84","6462"
"1230","-","-","-","17.61","21.82","6457"
"1229","-","-","8.42","17.60","21.81","6452"
"1228","-","5.86","-","17.59","21.79","6448"
"1227","-","-","8.41","17.58","21.77","6443"
"1226","-","-","-","-","21.76","6438"
"1225","-","5.85","8.40","17.57","21.74","6433"
"1224","2.35","-","-","17.56","21.72","6428"
"1223","-","5.84","8.39","17.55","21.71","6424"
"1222","-","-","-","17.54","21.69","6419"
"1221","-","-","8.38","17.53","21.67","6414"
"1220","-","5.83","-","17.52","21.66","6409"
"1219","-","-","8.37","17.51","21.64","6405"
"1218","-","-","-","17.50","21.62","6400"
"1217","-","5.82","-","17.49","21.60","6395"
"1216","-","-","8.36","17.48","21.59","6390"
"1215","2.34","-","-","17.47","21.57","6385"
"1214","-","5.81","8.35","17.46","21.55","6381"
"1213","-","-","-","17.45","21.54","6376"
"1212","-","5.80","8.34","17.44","21.52","6371"
"1211","-","-","-","-","21.50","6366"
"1210","-","-","8.33","17.43","21.49","6361"
"1209","-","5.79","-","17.42","21.47","6357"
"1208","-","-","8.32","17.41","21.45","6352"
"1207","-","-","-","17.40","21.44","6347"
"1206","2.33","5.78","-","17.39","21.42","6342"
"1205","-","-","8.31","17.38","21.40","6337"
"1204","-","-","-","17.37","21.39","6333"
"1203","-","5.77","8.30","17.36","21.37","6328"
"1202","-","-","-","17.35","21.35","6323"
"1201","-","5.76","8.29","17.34","21.34","6318"
"1200","-","-","-","17.33","21.32","6313"
"1199","-","-","8.28","17.32","21.30","6309"
"1198","-","5.75","-","17.31","21.29","6304"
"1197","2.32","-","8.27","17.30","21.27","6299"
"1196","-","-","-","17.29","21.25","6294"
"1195","-","5.74","-","-","21.24","6289"
"1194","-","-","8.26","17.28","21.22","6285"
"1193","-","-","-","17.27","21.20","6280"
"1192","-","5.73","8.25","17.26","21.19","6275"
"1191","-","-","-","17.25","21.17","6270"
"1190","-","5.72","8.24","17.24","21.15","6265"
"1189","-","-","-","17.23","21.14","6261"
"1188","2.31","-","8.23","17.22","21.12","6256"
"1187","-","5.71","-","17.21","21.10","6251"
"1186","-","-","8.22","17.20","21.09","6246"
"1185","-","-","-","17.19","21.07","6241"
"1184","-","5.70","8.21","17.18","21.05","6237"
"1183","-","-","-","17.17","21.04","6232"
"1182","-","-","-","17.16","21.02","6227"
"1181","-","5.69","8.20","17.15","21.00","6222"
"1180","-","-","-","-","20.99","6217"
"1179","2.30","5.68","8.19","17.14","20.97","6213"
"1178","-","-","-","17.13","20.95","6208"
"1177","-","-","8.18","17.12","20.94","6203"
"1176","-","5.67","-","17.11","20.92","6198"
"1175","-","-","8.17","17.10","20.90","6193"
"1174","-","-","-","17.09","20.89","6189"
"1173","-","5.66","8.16","17.08","20.87","6184"
"1172","-","-","-","17.07","20.85","6179"
"1171","-","5.65","-","17.06","20.84","6174"
"1170","2.29","-","8.15","17.05","20.82","6169"
"1169","-","-","-","17.04","20.80","6165"
"1168","-","5.64","8.14","17.03","20.79","6160"
"1167","-","-","-","17.02","20.77","6155"
"1166","-","-","8.13","17.01","20.75","6150"
"1165","-","5.63","-","17.00","20.74","6145"
"1164","-","-","8.12","-","20.72","6140"
"1163","-","-","-","16.99","20.70","6136"
"1162","-","5.62","8.11","16.98","20.68","6131"
"1161","2.28","-","-","16.97","20.67","6126"
"1160","-","5.61","8.10","16.96","20.65","6121"
"1159","-","-","-","16.95","20.63","6116"
"1158","-","-","-","16.94","20.62","6112"
"1157","-","5.60","8.09","16.93","20.60","6107"
"1156","-","-","-","16.92","20.58","6102"
"1155","-","-","8.08","16.91","20.57","6097"
"1154","-","5.59","-","16.90","20.55","6092"
"1153","-","-","8.07","16.89","20.53","6088"
"1152","2.27","-","-","16.88","20.52","6083"
"1151","-","5.58","8.06","16.87","20.50","6078"
"1150","-","-","-","16.86","20.48","6073"
"1149","-","5.57","8.05","16.85","20.47","6068"
"1148","-","-","-","-","20.45","6063"
"1147","-","-","-","16.84","20.43","6059"
"1146","-","5.56","8.04","16.83","20.42","6054"
"1145","-","-","-","16.82","20.40","6049"
"1144","-","-","8.03","16.81","20.38","6044"
"1143","2.26","5.55","-","16.80","20.37","6039"
"1142","-","-","8.02","16.79","20.35","6035"
"1141","-","-","-","16.78","20.33","6030"
"1140","-","5.54","8.01","16.77","20.32","6025"
"1139","-","-","-","16.76","20.30","6020"
"1138","-","5.53","8.00","16.75","20.28","6015"
"1137","-","-","-","16.74","20.27","6010"
"1136","-","-","7.99","16.73","20.25","6006"
"1135","2.25","5.52","-","16.72","20.23","6001"
"1134","-","-","-","16.71","20.22","5996"
"1133","-","-","7.98","16.70","20.20","5991"
"1132","-","5.51","-","16.69","20.18","5986"
"1131","-","-","7.97","-","20.17","5981"
"1130","-","-","-","16.68","20.15","5977"
"1129","-","5.50","7.96","16.67","20.13","5972"
"1128","-","-","-","16.66","20.12","5967"
"1127","-","5.49","7.95","16.65","20.10","5962"
"1126","2.24","-","-","16.64","20.08","5957"
"1125","-","-","7.94","16.63","20.07","5953"
"1124","-","5.48","-","16.62","20.05","5948"
"1123","-","-","7.93","16.61","20.03","5943"
"1122","-","-","-","16.60","20.02","5938"
"1121","-","5.47","-","16.59","20.00","5933"
"1120","-","-","7.92","16.58","19.98","5928"
"1119","-","5.46","-","16.57","19.96","5924"
"1118","-","-","7.91","16.56","19.95","5919"
"1117","2.23","-","-","16.55","19.93","5914"
"1116","-","5.45","7.90","16.54","19.91","5909"
"1115","-","-","-","16.53","19.90","5904"
"1114","-","-","7.89","-","19.88","5899"
"1113","-","5.44","-","16.52","19.86","5895"
"1112","-","-","7.88","16.51","19.85","5890"
"1111","-","-","-","16.50","19.83","5885"
"1110","-","5.43","-","16.49","19.81","5880"
"1109","-","-","7.87","16.48","19.80","5875"
"1108","2.22","5.42","-","16.47","19.78","5870"
"1107","-","-","7.86","16.46","19.76","5866"
"1106","-","-","-","16.45","19.75","5861"
"1105","-","5.41","7.85","16.44","19.73","5856"
"1104","-","-","-","16.43","19.71","5851"
"1103","-","-","7.84","16.42","19.70","5846"
"1102","-","5.40","-","16.41","19.68","5841"
"1101","-","-","7.83","16.40","19.66","5837"
"1100","-","-","-","16.39","19.65","5832"
"1099","2.21","5.39","7.82","16.38","19.63","5827"
"1098","-","-","-","16.37","19.61","5822"
"1097","-","5.38","-","-","19.60","5817"
"1096","-","-","7.81","16.36","19.58","5812"
"1095","-","-","-","16.35","19.56","5808"
"1094","-","5.37","7.80","16.34","19.55","5803"
"1093","-","-","-","16.33","19.53","5798"
"1092","-","-","7.79","16.32","19.51","5793"
"1091","-","5.36","-","16.31","19.50","5788"
"1090","2.20","-","7.78","16.30","19.48","5783"
"1089","-","5.35","-","16.29","19.46","5779"
"1088","-","-","7.77","16.28","19.45","5774"
"1087","-","-","-","16.27","19.43","5769"
"1086","-","5.34","7.76","16.26","19.41","5764"
"1085","-","-","-","16.25","19.40","5759"
"1084","-","-","-","16.24","19.38","5754"
"1083","-","5.33","7.75","16.23","19.36","5749"
"1082","-","-","-","16.22","19.34","5745"
"1081","2.19","-","7.74","16.21","19.33","5740"
"1080","-","5.32","-","16.20","19.31","5735"
"1079","-","-","7.73","-","19.29","5730"
"1078","-","5.31","-","16.19","19.28","5725"
"1077","-","-","7.72","16.18","19.26","5720"
"1076","-","-","-","16.17","19.24","5716"
"1075","-","5.30","7.71","16.16","19.23","5711"
"1074","-","-","-","16.15","19.21","5706"
"1073","-","-","7.70","16.14","19.19","5701"
"1072","2.18","5.29","-","16.13","19.18","5696"
"1071","-","-","-","16.12","19.16","5691"
"1070","-","5.28","7.69","16.11","19.14","5686"
"1069","-","-","-","16.10","19.13","5682"
"1068","-","-","7.68","16.09","19.11","5677"
"1067","-","5.27","-","16.08","19.09","5672"
"1066","-","-","7.67","16.07","19.08","5667"
"1065","-","-","-","16.06","19.06","5662"
"1064","2.17","5.26","7.66","16.05","19.04","5657"
"1063","-","-","-","16.04","19.03","5653"
"1062","-","-","7.65","16.03","19.01","5648"
"1061","-","5.25","-","-","18.99","5643"
"1060","-","-","7.64","16.02","18.98","5638"
"1059","-","5.24","-","16.01","18.96","5633"
"1058","-","-","-","16.00","18.94","5628"
"1057","-","-","7.63","15.99","18.93","5623"
"1056","-","5.23","-","15.98","18.91","5619"
"1055","2.16","-","7.62","15.97","18.89","5614"
"1054","-","-","-","15.96","18.88","5609"
"1053","-","5.22","7.61","15.95","18.86","5604"
"1052","-","-","-","15.94","18.84","5599"
"1051","-","5.21","7.60","15.93","18.82","5594"
"1050","-","-","-","15.92","18.81","5589"
"1049","-","-","7.59","15.91","18.79","5585"
"1048","-","5.20","-","15.90","18.77","5580"
"1047","-","-","7.58","15.89","18.76","5575"
"1046","2.15","-","-","15.88","18.74","5570"
"1045","-","5.19","7.57","15.87","18.72","5565"
"1044","-","-","-","15.86","18.71","5560"
"1043","-","-","-","15.85","18.69","5555"
"1042","-","5.18","7.56","-","18.67","5551"
"1041","-","-","-","15.84","18.66","5546"
"1040","-","5.17","7.55","15.83","18.64","5541"
"1039","-","-","-","15.82","18.62","5536"
"1038","-","-","7.54","15.81","18.61","5531"
"1037","2.14","5.16","-","15.80","18.59","5526"
"1036","-","-","7.53","15.79","18.57","5521"
"1035","-","-","-","15.78","18.56","5517"
"1034","-","5.15","7.52","15.77","18.54","5512"
"1033","-","-","-","15.76","18.52","5507"
"1032","-","5.14","7.51","15.75","18.51","5502"
"1031","-","-","-","15.74","18.49","5497"
"1030","-","-","-","15.73","18.47","5492"
"1029","-","5.13","7.50","15.72","18.46","5487"
"1028","2.13","-","-","15.71","18.44","5482"
"1027","-","-","7.49","15.70","18.42","5478"
"1026","-","5.12","-","15.69","18.41","5473"
"1025","-","-","7.48","15.68","18.39","5468"
"1024","-","-","-","15.67","18.37","5463"
"1023","-","5.11","7.47","-","18.35","5458"
"1022","-","-","-","15.66","18.34","5453"
"1021","-","5.10","7.46","15.65","18.32","5448"
"1020","-","-","-","15.64","18.30","5444"
"1019","2.12","-","7.45","15.63","18.29","5439"
"1018","-","5.09","-","15.62","18.27","5434"
"1017","-","-","-","15.61","18.25","5429"
"1016","-","-","7.44","15.60","18.24","5424"
"1015","-","5.08","-","15.59","18.22","5419"
"1014","-","-","7.43","15.58","18.20","5414"
"1013","-","5.07","-","15.57","18.19","5409"
"1012","-","-","7.42","15.56","18.17","5405"
"1011","2.11","-","-","15.55","18.15","5400"
"1010","-","5.06","7.41","15.54","18.14","5395"
"1009","-","-","-","15.53","18.12","5390"
"1008","-","-","7.40","15.52","18.10","5385"
"1007","-","5.05","-","15.51","18.09","5380"
"1006","-","-","7.39","15.50","18.07","5375"
"1005","-","-","-","15.49","18.05","5370"
"1004","-","5.04","7.38","15.48","18.04","5366"
"1003","-","-","-","-","18.02","5361"
"1002","2.10","5.03","-","15.47","18.00","5356"
"1001","-","-","7.37","15.46","17.99","5351"
"1000","-","-","-","15.45","17.97","5346"
"999","-","5.02","7.36","15.44","17.95","5341"
"998","-","-","-","15.43","17.93","5336"
"997","-","-","7.35","15.42","17.92","5331"
"996","-","5.01","-","15.41","17.90","5327"
"995","-","-","7.34","15.40","17.88","5322"
"994","-","5.00","-","15.39","17.87","5317"
"993","2.09","-","7.33","15.38","17.85","5312"
"992","-","-","-","15.37","17.83","5307"
"991","-","4.99","7.32","15.36","17.82","5302"
"990","-","-","-","15.35","17.80","5297"
"989","-","-","7.31","15.34","17.78","5292"
"988","-","4.98","-","15.33","17.77","5288"
"987","-","-","-","15.32","17.75","5283"
"986","-","4.97","7.30","15.31","17.73","5278"
"985","-","-","-","15.30","17.72","5273"
"984","2.08","-","7.29","15.29","17.70","5268"
"983","-","4.96","-","-","17.68","5263"
"982","-","-","7.28","15.28","17.67","5258"
"981","-","-","-","15.27","17.65","5253"
"980","-","4.95","7.27","15.26","17.63","5248"
"979","-","-","-","15.25","17.62","5244"
"978","-","-","7.26","15.24","17.60","5239"
"977","-","4.94","-","15.23","17.58","5234"
"976","-","-","7.25","15.22","17.56","5229"
"975","2.07","4.93","-","15.21","17.55","5224"
"974","-","-","-","15.20","17.53","5219"
"973","-","-","7.24","15.19","17.51","5214"
"972","-","4.92","-","15.18","17.50","5209"
"971","-","-","7.23","15.17","17.48","5204"
"970","-","-","-","15.16","17.46","5200"
"969","-","4.91","7.22","15.15","17.45","5195"
"968","-","-","-","15.14","17.43","5190"
"967","2.06","4.90","7.21","15.13","17.41","5185"
"966","-","-","-","15.12","17.40","5180"
"965","-","-","7.20","15.11","17.38","5175"
"964","-","4.89","-","15.10","17.36","5170"
"963","-","-","7.19","15.09","17.35","5165"
"962","-","-","-","15.08","17.33","5160"
"961","-","4.88","7.18","-","17.31","5156"
"960","-","-","-","15.07","17.30","5151"
"959","-","4.87","-","15.06","17.28","5146"
"958","2.05","-","7.17","15.05","17.26","5141"
"957","-","-","-","15.04","17.25","5136"
"956","-","4.86","7.16","15.03","17.23","5131"
"955","-","-","-","15.02","17.21","5126"
"954","-","-","7.15","15.01","17.20","5121"
"953","-","4.85","-","15.00","17.18","5116"
"952","-","-","7.14","14.99","17.16","5112"
"951","-","4.84","-","14.98","17.14","5107"
"950","-","-","7.13","14.97","17.13","5102"
"949","2.04","-","-","14.96","17.11","5097"
"948","-","4.83","7.12","14.95","17.09","5092"
"947","-","-","-","14.94","17.08","5087"
"946","-","-","7.11","14.93","17.06","5082"
"945","-","4.82","-","14.92","17.04","5077"
"944","-","-","-","14.91","17.03","5072"
"943","-","-","7.10","14.90","17.01","5067"
"942","-","4.81","-","14.89","16.99","5063"
"941","-","-","7.09","14.88","16.98","5058"
"940","2.03","4.80","-","14.87","16.96","5053"
"939","-","-","7.08","-","16.94","5048"
"938","-","-","-","14.86","16.93","5043"
"937","-","4.79","7.07","14.85","16.91","5038"
"936","-","-","-","14.84","16.89","5033"
"935","-","-","7.06","14.83","16.88","5028"
"934","-","4.78","-","14.82","16.86","5023"
"933","-","-","7.05","14.81","16.84","5018"
"932","2.02","4.77","-","14.80","16.82","5014"
"931","-","-","7.04","14.79","16.81","5009"
"930","-","-","-","14.78","16.79","5004"
"929","-","4.76","-","14.77","16.77","4999"
"928","-","-","7.03","14.76","16.76","4994"
"927","-","-","-","14.75","16.74","4989"
"926","-","4.75","7.02","14.74","16.72","4984"
"925","-","-","-","14.73","16.71","4979"
"924","-","4.74","7.01","14.72","16.69","4974"
"923","2.01","-","-","14.71","16.67","4969"
"922","-","-","7.00","14.70","16.66","4964"
"921","-","4.73","-","14.69","16.64","4960"
"920","-","-","6.99","14.68","16.62","4955"
"919","-","-","-","14.67","16.61","4950"
"918","-","4.72","6.98","14.66","16.59","4945"
"917","-","-","-","14.65","16.57","4940"
"916","-","4.71","6.97","-","16.56","4935"
"915","-","-","-","14.64","16.54","4930"
"914","2.00","-","-","14.63","16.52","4925"
"913","-","4.70","6.96","14.62","16.51","4920"
"912","-","-","-","14.61","16.49","4915"
"911","-","-","6.95","14.60","16.47","4910"
"910","-","4.69","-","14.59","16.45","4906"
"909","-","-","6.94","14.58","16.44","4901"
"908","-","4.68","-","14.57","16.42","4896"
"907","-","-","6.93","14.56","16.40","4891"
"906","-","-","-","14.55","16.39","4886"
"905","1.99","4.67","6.92","14.54","16.37","4881"
"904","-","-","-","14.53","16.35","4876"
"903","-","-","6.91","14.52","16.34","4871"
"902","-","4.66","-","14.51","16.32","4866"
"901","-","-","6.90","14.50","16.30","4861"
"900","-","4.65","-","14.49","16.29","4856"
"899","-","-","6.89","14.48","16.27","4851"
"898","-","-","-","14.47","16.25","4847"
"897","1.98","4.64","-","14.46","16.24","4842"
"896","-","-","6.88","14.45","16.22","4837"
"895","-","-","-","14.44","16.20","4832"
"894","-","4.63","6.87","14.43","16.19","4827"
"893","-","-","-","-","16.17","4822"
"892","-","-","6.86","14.42","16.15","4817"
"891","-","4.62","-","14.41","16.13","4812"
"890","-","-","6.85","14.40","16.12","4807"
"889","-","4.61","-","14.39","16.10","4802"
"888","1.97","-","6.84","14.38","16.08","4797"
"887","-","-","-","14.37","16.07","4792"
"886","-","4.60","6.83","14.36","16.05","4787"
"885","-","-","-","14.35","16.03","4783"
"884","-","-","6.82","14.34","16.02","4778"
"883","-","4.59","-","14.33","16.00","4773"
"882","-","-","6.81","14.32","15.98","4768"
"881","-","4.58","-","14.31","15.97","4763"
"880","-","-","-","14.30","15.95","4758"
"879","1.96","-","6.80","14.29","15.93","4753"
"878","-","4.57","-","14.28","15.92","4748"
"877","-","-","6.79","14.27","15.90","4743"
"876","-","-","-","14.26","15.88","4738"
"875","-","4.56","6.78","14.25","15.87","4733"
"874","-","-","-","14.24","15.85","4728"
"873","-","4.55","6.77","14.23","15.83","4723"
"872","-","-","-","14.22","15.81","4718"
"871","-","-","6.76","14.21","15.80","4714"
"870","1.95","4.54","-","14.20","15.78","4709"
"869","-","-","6.75","14.19","15.76","4704"
"868","-","-","-","14.18","15.75","4699"
"867","-","4.53","6.74","-","15.73","4694"
"866","-","-","-","14.17","15.71","4689"
"865","-","4.52","-","14.16","15.70","4684"
"864","-","-","6.73","14.15","15.68","4679"
"863","-","-","-","14.14","15.66","4674"
"862","1.94","4.51","6.72","14.13","15.65","4669"
"861","-","-","-","14.12","15.63","4664"
"860","-","-","6.71","14.11","15.61","4659"
"859","-","4.50","-","14.10","15.60","4654"
"858","-","-","6.70","14.09","15.58","4649"
"857","-","4.49","-","14.08","15.56","4644"
"856","-","-","6.69","14.07","15.54","4640"
"855","-","-","-","14.06","15.53","4635"
"854","-","4.48","6.68","14.05","15.51","4630"
"853","1.93","-","-","14.04","15.49","4625"
"852","-","-","6.67","14.03","15.48","4620"
"851","-","4.47","-","14.02","15.46","4615"
"850","-","-","6.66","14.01","15.44","4610"
"849","-","4.46","-","14.00","15.43","4605"
"848","-","-","-","13.99","15.41","4600"
"847","-","-","6.65","13.98","15.39","4595"
"846","-","4.45","-","13.97","15.38","4590"
"845","-","-","6.64","13.96","15.36","4585"
"844","1.92","-","-","13.95","15.34","4580"
"843","-","4.44","6.63","13.94","15.33","4575"
"842","-","-","-","13.93","15.31","4570"
"841","-","4.43","6.62","-","15.29","4565"
"840","-","-","-","13.92","15.27","4561"
"839","-","-","6.61","13.91","15.26","4556"
"838","-","4.42","-","13.90","15.24","4551"
"837","-","-","6.60","13.89","15.22","4546"
"836","1.91","-","-","13.88","15.21","4541"
"835","-","4.41","6.59","13.87","15.19","4536"
"834","-","-","-","13.86","15.17","4531"
"833","-","4.40","6.58","13.85","15.16","4526"
"832","-","-","-","13.84","15.14","4521"
"831","-","-","-","13.83","15.12","4516"
"830","-","4.39","6.57","13.82","15.11","4511"
"829","-","-","-","13.81","15.09","4506"
"828","-","-","6.56","13.80","15.07","4501"
"827","1.90","4.38","-","13.79","15.06","4496"
"826","-","-","6.55","13.78","15.04","4491"
"825","-","4.37","-","13.77","15.02","4486"
"824","-","-","6.54","13.76","15.01","4481"
"823","-","-","-","13.75","14.99","4476"
"822","-","4.36","6.53","13.74","14.97","4471"
"821","-","-","-","13.73","14.95","4467"
"820","-","-","6.52","13.72","14.94","4462"
"819","-","4.35","-","13.71","14.92","4457"
"818","1.89","-","6.51","13.70","14.90","4452"
"817","-","4.34","-","13.69","14.89","4447"
"816","-","-","6.50","13.68","14.87","4442"
"815","-","-","-","13.67","14.85","4437"
"814","-","4.33","6.49","13.66","14.84","4432"
"813","-","-","-","-","14.82","4427"
"812","-","-","-","13.65","14.80","4422"
"811","-","4.32","6.48","13.64","14.79","4417"
"810","1.88","-","-","13.63","14.77","4412"
"809","-","4.31","6.47","13.62","14.75","4407"
"808","-","-","-","13.61","14.74","4402"
"807","-","-","6.46","13.60","14.72","4397"
"806","-","4.30","-","13.59","14.70","4392"
"805","-","-","6.45","13.58","14.68","4387"
"804","-","-","-","13.57","14.67","4382"
"803","-","4.29","6.44","13.56","14.65","4377"
"802","-","-","-","13.55","14.63","4372"
"801","1.87","4.28","6.43","13.54","14.62","4367"
"800","-","-","-","13.53","14.60","4362"
"799","-","-","6.42","13.52","14.58","4358"
"798","-","4.27","-","13.51","14.57","4353"
"797","-","-","6.41","13.50","14.55","4348"
"796","-","-","-","13.49","14.53","4343"
"795","-","4.26","-","13.48","14.52","4338"
"794","-","-","6.40","13.47","14.50","4333"
"793","-","4.25","-","13.46","14.48","4328"
"792","1.86","-","6.39","13.45","14.46","4323"
"791","-","-","-","13.44","14.45","4318"
"790","-","4.24","6.38","13.43","14.43","4313"
"789","-","-","-","13.42","14.41","4308"
"788","-","4.23","6.37","13.41","14.40","4303"
"787","-","-","-","13.40","14.38","4298"
"786","-","-","6.36","13.39","14.36","4293"
"785","-","4.22","-","13.38","14.35","4288"
"784","1.85","-","6.35","13.37","14.33","4283"
"783","-","-","-","13.36","14.31","4278"
"782","-","4.21","6.34","-","14.30","4273"
"781","-","-","-","13.35","14.28","4268"
"780","-","4.20","6.33","13.34","14.26","4263"
"779","-","-","-","13.33","14.25","4258"
"778","-","-","6.32","13.32","14.23","4253"
"777","-","4.19","-","13.31","14.21","4248"
"776","-","-","-","13.30","14.19","4243"
"775","1.84","-","6.31","13.29","14.18","4238"
"774","-","4.18","-","13.28","14.16","4233"
"773","-","-","6.30","13.27","14.14","4228"
"772","-","4.17","-","13.26","14.13","4223"
"771","-","-","6.29","13.25","14.11","4218"
"770","-","-","-","13.24","14.09","4213"
"769","-","4.16","6.28","13.23","14.08","4208"
"768","-","-","-","13.22","14.06","4204"
"767","-","-","6.27","13.21","14.04","4199"
"766","1.83","4.15","-","13.20","14.03","4194"
"765","-","-","6.26","13.19","14.01","4189"
"764","-","4.14","-","13.18","13.99","4184"
"763","-","-","6.25","13.17","13.98","4179"
"762","-","-","-","13.16","13.96","4174"
"761","-","4.13","6.24","13.15","13.94","4169"
"760","-","-","-","13.14","13.92","4164"
"759","-","-","6.23","13.13","13.91","4159"
"758","1.82","4.12","-","13.12","13.89","4154"
"757","-","-","-","13.11","13.87","4149"
"756","-","4.11","6.22","13.10","13.86","4144"
"755","-","-","-","13.09","13.84","4139"
"754","-","-","6.21","13.08","13.82","4134"
"753","-","4.10","-","13.07","13.81","4129"
"752","-","-","6.20","13.06","13.79","4124"
"751","-","-","-","13.05","13.77","4119"
"750","-","4.09","6.19","13.04","13.76","4114"
"749","1.81","-","-","-","13.74","4109"
"748","-","4.08","6.18","13.03","13.72","4104"
"747","-","-","-","13.02","13.70","4099"
"746","-","-","6.17","13.01","13.69","4094"
"745","-","4.07","-","13.00","13.67","4089"
"744","-","-","6.16","12.99","13.65","4084"
"743","-","-","-","12.98","13.64","4079"
"742","-","4.06","6.15","12.97","13.62","4074"
"741","1.80","-","-","12.96","13.60","4069"
"740","-","4.05","6.14","12.95","13.59","4064"
"739","-","-","-","12.94","13.57","4059"
"738","-","-","6.13","12.93","13.55","4054"
"737","-","4.04","-","12.92","13.54","4049"
"736","-","-","-","12.91","13.52","4044"
"735","-","4.03","6.12","12.90","13.50","4039"
"734","-","-","-","12.89","13.48","4034"
"733","-","-","6.11","12.88","13.47","4029"
"732","1.79","4.02","-","12.87","13.45","4024"
"731","-","-","6.10","12.86","13.43","4019"
"730","-","-","-","12.85","13.42","4014"
"729","-","4.01","6.09","12.84","13.40","4009"
"728","-","-","-","12.83","13.38","4004"
"727","-","4.00","6.08","12.82","13.37","3999"
"726","-","-","-","12.81","13.35","3994"
"725","-","-","6.07","12.80","13.33","3989"
"724","-","3.99","-","12.79","13.32","3984"
"723","1.78","-","6.06","12.78","13.30","3979"
"722","-","-","-","12.77","13.28","3974"
"721","-","3.98","6.05","12.76","13.27","3969"
"720","-","-","-","12.75","13.25","3964"
"719","-","3.97","6.04","12.74","13.23","3959"
"718","-","-","-","12.73","13.21","3954"
"717","-","-","6.03","12.72","13.20","3949"
"716","-","3.96","-","12.71","13.18","3944"
"715","1.77","-","-","12.70","13.16","3939"
"714","-","-","6.02","12.69","13.15","3934"
"713","-","3.95","-","-","13.13","3929"
"712","-","-","6.01","12.68","13.11","3924"
"711","-","3.94","-","12.67","13.10","3919"
"710","-","-","6.00","12.66","13.08","3914"
"709","-","-","-","12.65","13.06","3909"
"708","-","3.93","5.99","12.64","13.05","3904"
"707","-","-","-","12.63","13.03","3899"
"706","1.76","3.92","5.98","12.62","13.01","3894"
"705","-","-","-","12.61","12.99","3889"
"704","-","-","5.97","12.60","12.98","3884"
"703","-","3.91","-","12.59","12.96","3879"
"702","-","-","5.96","12.58","12.94","3874"
"701","-","-","-","12.57","12.93","3869"
"700","-","3.90","5.95","12.56","12.91","3864"
"699","-","-","-","12.55","12.89","3859"
"698","1.75","3.89","5.94","12.54","12.88","3854"
"697","-","-","-","12.53","12.86","3849"
"696","-","-","5.93","12.52","12.84","3844"
"695","-","3.88","-","12.51","12.83","3839"
"694","-","-","-","12.50","12.81","3834"
"693","-","-","5.92","12.49","12.79","3829"
"692","-","3.87","-","12.48","12.77","3824"
"691","-","-","5.91","12.47","12.76","3819"
"690","-","3.86","-","12.46","12.74","3814"
"689","1.74","-","5.90","12.45","12.72","3809"
"688","-","-","-","12.44","12.71","3804"
"687","-","3.85","5.89","12.43","12.69","3799"
"686","-","-","-","12.42","12.67","3794"
"685","-","-","5.88","12.41","12.66","3789"
"684","-","3.84","-","12.40","12.64","3784"
"683","-","-","5.87","12.39","12.62","3779"
"682","-","3.83","-","12.38","12.61","3774"
"681","-","-","5.86","12.37","12.59","3769"
"680","1.73","-","-","12.36","12.57","3764"
"679","-","3.82","5.85","12.35","12.55","3759"
"678","-","-","-","12.34","12.54","3754"
"677","-","3.81","5.84","12.33","12.52","3749"
"676","-","-","-","12.32","12.50","3744"
"675","-","-","5.83","12.31","12.49","3739"
"674","-","3.80","-","12.30","12.47","3734"
"673","-","-","-","12.29","12.45","3729"
"672","1.72","-","5.82","12.28","12.44","3724"
"671","-","3.79","-","-","12.42","3719"
"670","-","-","5.81","12.27","12.40","3714"
"669","-","3.78","-","12.26","12.38","3709"
"668","-","-","5.80","12.25","12.37","3704"
"667","-","-","-","12.24","12.35","3699"
"666","-","3.77","5.79","12.23","12.33","3694"
"665","-","-","-","12.22","12.32","3689"
"664","-","-","5.78","12.21","12.30","3684"
"663","1.71","3.76","-","12.20","12.28","3679"
"662","-","-","5.77","12.19","12.27","3674"
"661","-","3.75","-","12.18","12.25","3669"
"660","-","-","5.76","12.17","12.23","3664"
"659","-","-","-","12.16","12.22","3659"
"658","-","3.74","5.75","12.15","12.20","3654"
"657","-","-","-","12.14","12.18","3649"
"656","-","3.73","5.74","12.13","12.16","3644"
"655","1.70","-","-","12.12","12.15","3639"
"654","-","-","5.73","12.11","12.13","3634"
"653","-","3.72","-","12.10","12.11","3629"
"652","-","-","5.72","12.09","12.10","3624"
"651","-","-","-","12.08","12.08","3619"
"650","-","3.71","-","12.07","12.06","3614"
"649","-","-","5.71","12.06","12.05","3609"
"648","-","3.70","-","12.05","12.03","3604"
"647","-","-","5.70","12.04","12.01","3598"
"646","1.69","-","-","12.03","12.00","3593"
"645","-","3.69","5.69","12.02","11.98","3588"
"644","-","-","-","12.01","11.96","3583"
"643","-","-","5.68","12.00","11.94","3578"
"642","-","3.68","-","11.99","11.93","3573"
"641","-","-","5.67","11.98","11.91","3568"
"640","-","3.67","-","11.97","11.89","3563"
"639","-","-","5.66","11.96","11.88","3558"
"638","1.68","-","-","11.95","11.86","3553"
"637","-","3.66","5.65","11.94","11.84","3548"
"636","-","-","-","11.93","11.83","3543"
"635","-","3.65","5.64","11.92","11.81","3538"
"634","-","-","-","11.91","11.79","3533"
"633","-","-","5.63","11.90","11.77","3528"
"632","-","3.64","-","11.89","11.76","3523"
"631","-","-","5.62","11.88","11.74","3518"
"630","-","-","-","11.87","11.72","3513"
"629","1.67","3.63","5.61","11.86","11.71","3508"
"628","-","-","-","11.85","11.69","3503"
"627","-","3.62","5.60","11.84","11.67","3498"
"626","-","-","-","11.83","11.66","3493"
"625","-","-","-","11.82","11.64","3488"
"624","-","3.61","5.59","11.81","11.62","3483"
"623","-","-","-","11.80","11.61","3478"
"622","-","3.60","5.58","-","11.59","3473"
"621","1.66","-","-","11.79","11.57","3468"
"620","-","-","5.57","11.78","11.55","3463"
"619","-","3.59","-","11.77","11.54","3458"
"618","-","-","5.56","11.76","11.52","3453"
"617","-","-","-","11.75","11.50","3447"
"616","-","3.58","5.55","11.74","11.49","3442"
"615","-","-","-","11.73","11.47","3437"
"614","-","3.57","5.54","11.72","11.45","3432"
"613","-","-","-","11.71","11.44","3427"
"612","1.65","-","5.53","11.70","11.42","3422"
"611","-","3.56","-","11.69","11.40","3417"
"610","-","-","5.52","11.68","11.39","3412"
"609","-","-","-","11.67","11.37","3407"
"608","-","3.55","5.51","11.66","11.35","3402"
"607","-","-","-","11.65","11.33","3397"
"606","-","3.54","5.50","11.64","11.32","3392"
"605","-","-","-","11.63","11.30","3387"
"604","1.64","-","5.49","11.62","11.28","3382"
"603","-","3.53","-","11.61","11.27","3377"
"602","-","-","5.48","11.60","11.25","3372"
"601","-","3.52","-","11.59","11.23","3367"
"600","-","-","-","11.58","11.22","3362"
"599","-","-","5.47","11.57","11.20","3357"
"598","-","3.51","-","11.56","11.18","3352"
"597","-","-","5.46","11.55","11.16","3347"
"596","-","-","-","11.54","11.15","3342"
"595","1.63","3.50","5.45","11.53","11.13","3337"
"594","-","-","-","11.52","11.11","3331"
"593","-","3.49","5.44","11.51","11.10","3326"
"592","-","-","-","11.50","11.08","3321"
"591","-","-","5.43","11.49","11.06","3316"
"590","-","3.48","-","11.48","11.05","3311"
"589","-","-","5.42","11.47","11.03","3306"
"588","-","3.47","-","11.46","11.01","3301"
"587","1.62","-","5.41","11.45","10.99","3296"
"586","-","-","-","11.44","10.98","3291"
"585","-","3.46","5.40","11.43","10.96","3286"
"584","-","-","-","11.42","10.94","3281"
"583","-","-","5.39","11.41","10.93","3276"
"582","-","3.45","-","11.40","10.91","3271"
"581","-","-","5.38","11.39","10.89","3266"
"580","-","3.44","-","11.38","10.88","3261"
"579","-","-","5.37","11.37","10.86","3256"
"578","1.61","-","-","11.36","10.84","3251"
"577","-","3.43","5.36","11.35","10.83","3246"
"576","-","-","-","11.34","10.81","3240"
"575","-","3.42","5.35","11.33","10.79","3235"
"574","-","-","-","11.32","10.77","3230"
"573","-","-","5.34","11.31","10.76","3225"
"572","-","3.41","-","11.30","10.74","3220"
"571","-","-","-","11.29","10.72","3215"
"570","1.60","-","5.33","11.28","10.71","3210"
"569","-","3.40","-","11.27","10.69","3205"
"568","-","-","5.32","11.26","10.67","3200"
"567","-","3.39","-","11.25","10.66","3195"
"566","-","-","5.31","11.24","10.64","3190"
"565","-","-","-","11.23","10.62","3185"
"564","-","3.38","5.30","11.22","10.60","3180"
"563","-","-","-","11.21","10.59","3175"
"562","-","3.37","5.29","11.20","10.57","3170"
"561","1.59","-","-","11.19","10.55","3165"
"560","-","-","5.28","11.18","10.54","3159"
"559","-","3.36","-","11.17","10.52","3154"
"558","-","-","5.27","11.16","10.50","3149"
"557","-","-","-","11.15","10.49","3144"
"556","-","3.35","5.26","11.14","10.47","3139"
"555","-","-","-","-","10.45","3134"
"554","-","3.34","5.25","11.13","10.43","3129"
"553","1.58","-","-","11.12","10.42","3124"
"552","-","-","5.24","11.11","10.40","3119"
"551","-","3.33","-","11.10","10.38","3114"
"550","-","-","5.23","11.09","10.37","3109"
"549","-","3.32","-","11.08","10.35","3104"
"548","-","-","5.22","11.07","10.33","3099"
"547","-","-","-","11.06","10.32","3094"
"546","-","3.31","5.21","11.05","10.30","3088"
"545","-","-","-","11.04","10.28","3083"
"544","1.57","-","5.20","11.03","10.26","3078"
"543","-","3.30","-","11.02","10.25","3073"
"542","-","-","-","11.01","10.23","3068"
"541","-","3.29","5.19","11.00","10.21","3063"
"540","-","-","-","10.99","10.20","3058"
"539","-","-","5.18","10.98","10.18","3053"
"538","-","3.28","-","10.97","10.16","3048"
"537","-","-","5.17","10.96","10.15","3043"
"536","1.56","3.27","-","10.95","10.13","3038"
"535","-","-","5.16","10.94","10.11","3033"
"534","-","-","-","10.93","10.09","3028"
"533","-","3.26","5.15","10.92","10.08","3023"
"532","-","-","-","10.91","10.06","3017"
"531","-","-","5.14","10.90","10.04","3012"
"530","-","3.25","-","10.89","10.03","3007"
"529","-","-","5.13","10.88","10.01","3002"
"528","-","3.24","-","10.87","9.99","2997"
"527","1.55","-","5.12","10.86","9.98","2992"
"526","-","-","-","10.85","9.96","2987"
"525","-","3.23","5.11","10.84","9.94","2982"
"524","-","-","-","10.83","9.92","2977"
"523","-","3.22","5.10","10.82","9.91","2972"
"522","-","-","-","10.81","9.89","2967"
"521","-","-","5.09","10.80","9.87","2962"
"520","-","3.21","-","10.79","9.86","2956"
"519","1.54","-","5.08","10.78","9.84","2951"
"518","-","-","-","10.77","9.82","2946"
"517","-","3.20","5.07","10.76","9.81","2941"
"516","-","-","-","10.75","9.79","2936"
"515","-","3.19","5.06","10.74","9.77","2931"
"514","-","-","-","10.73","9.75","2926"
"513","-","-","5.05","10.72","9.74","2921"
"512","-","3.18","-","10.71","9.72","2916"
"511","-","-","-","10.70","9.70","2911"
"510","1.53","3.17","5.04","10.69","9.69","2906"
"509","-","-","-","10.68","9.67","2901"
"508","-","-","5.03","10.67","9.65","2895"
"507","-","3.16","-","10.66","9.64","2890"
"506","-","-","5.02","10.65","9.62","2885"
"505","-","-","-","10.64","9.60","2880"
"504","-","3.15","5.01","10.63","9.58","2875"
"503","-","-","-","10.62","9.57","2870"
"502","1.52","3.14","5.00","10.61","9.55","2865"
"501","-","-","-","10.60","9.53","2860"
"500","-","-","4.99","10.59","9.52","2855"
"499","-","3.13","-","10.58","9.50","2850"
"498","-","-","4.98","10.57","9.48","2844"
"497","-","3.12","-","10.56","9.47","2839"
"496","-","-","4.97","10.55","9.45","2834"
"495","-","-","-","10.54","9.43","2829"
"494","1.51","3.11","4.96","10.53","9.41","2824"
"493","-","-","-","10.52","9.40","2819"
"492","-","3.10","4.95","10.51","9.38","2814"
"491","-","-","-","10.50","9.36","2809"
"490","-","-","4.94","10.49","9.35","2804"
"489","-","3.09","-","10.48","9.33","2799"
"488","-","-","4.93","10.47","9.31","2794"
"487","-","-","-","10.46","9.30","2788"
"486","-","3.08","4.92","10.45","9.28","2783"
"485","1.50","-","-","10.44","9.26","2778"
"484","-","3.07","4.91","10.43","9.24","2773"
"483","-","-","-","10.42","9.23","2768"
"482","-","-","4.90","10.41","9.21","2763"
"481","-","3.06","-","10.40","9.19","2758"
"480","-","-","4.89","10.39","9.18","2753"
"479","-","3.05","-","10.38","9.16","2748"
"478","-","-","4.88","10.37","9.14","2743"
"477","1.49","-","-","10.36","9.13","2737"
"476","-","3.04","-","10.35","9.11","2732"
"475","-","-","4.87","10.34","9.09","2727"
"474","-","-","-","10.33","9.07","2722"
"473","-","3.03","4.86","10.32","9.06","2717"
"472","-","-","-","10.31","9.04","2712"
"471","-","3.02","4.85","10.30","9.02","2707"
"470","-","-","-","10.29","9.01","2702"
"469","-","-","4.84","10.28","8.99","2697"
"468","1.48","3.01","-","10.27","8.97","2691"
"467","-","-","4.83","10.26","8.96","2686"
"466","-","3.00","-","10.25","8.94","2681"
"465","-","-","4.82","10.24","8.92","2676"
"464","-","-","-","10.23","8.90","2671"
"463","-","2.99","4.81","10.22","8.89","2666"
"462","-","-","-","10.21","8.87","2661"
"461","-","2.98","4.80","10.20","8.85","2656"
"460","1.47","-","-","10.19","8.84","2651"
"459","-","-","4.79","10.18","8.82","2645"
"458","-","2.97","-","10.17","8.80","2640"
"457","-","-","4.78","10.16","8.79","2635"
"456","-","-","-","10.15","8.77","2630"
"455","-","2.96","4.77","10.14","8.75","2625"
"454","-","-","-","10.13","8.73","2620"
"453","-","2.95","4.76","10.12","8.72","2615"
"452","-","-","-","10.11","8.70","2610"
"451","1.46","-","4.75","10.10","8.68","2605"
"450","-","2.94","-","10.09","8.67","2599"
"449","-","-","4.74","10.08","8.65","2594"
"448","-","2.93","-","10.07","8.63","2589"
"447","-","-","4.73","10.06","8.62","2584"
"446","-","-","-","10.05","8.60","2579"
"445","-","2.92","4.72","10.04","8.58","2574"
"444","-","-","-","10.03","8.56","2569"
"443","1.45","2.91","4.71","10.02","8.55","2564"
"442","-","-","-","10.01","8.53","2558"
"441","-","-","4.70","10.00","8.51","2553"
"440","-","2.90","-","9.99","8.50","2548"
"439","-","-","4.69","9.98","8.48","2543"
"438","-","-","-","9.97","8.46","2538"
"437","-","2.89","-","9.96","8.44","2533"
"436","-","-","4.68","9.95","8.43","2528"
"435","1.44","2.88","-","9.94","8.41","2523"
"434","-","-","4.67","9.93","8.39","2517"
"433","-","-","-","9.92","8.38","2512"
"432","-","2.87","4.66","9.91","8.36","2507"
"431","-","-","-","9.90","8.34","2502"
"430","-","2.86","4.65","9.89","8.33","2497"
"429","-","-","-","9.88","8.31","2492"
"428","-","-","4.64","9.87","8.29","2487"
"427","-","2.85","-","9.86","8.27","2482"
"426","1.43","-","4.63","9.85","8.26","2476"
"425","-","2.84","-","9.84","8.24","2471"
"424","-","-","4.62","9.83","8.22","2466"
"423","-","-","-","9.82","8.21","2461"
"422","-","2.83","4.61","9.81","8.19","2456"
"421","-","-","-","9.80","8.17","2451"
"420","-","-","4.60","9.79","8.16","2446"
"419","-","2.82","-","9.78","8.14","2441"
"418","1.42","-","4.59","9.77","8.12","2435"
"417","-","2.81","-","9.76","8.10","2430"
"416","-","-","4.58","9.75","8.09","2425"
"415","-","-","-","9.74","8.07","2420"
"414","-","2.80","4.57","9.73","8.05","2415"
"413","-","-","-","9.72","8.04","2410"
"412","-","2.79","4.56","9.71","8.02","2405"
"411","-","-","-","9.70","8.00","2400"
"410","1.41","-","4.55","9.69","7.98","2394"
"409","-","2.78","-","9.68","7.97","2389"
"408","-","-","4.54","9.67","7.95","2384"
"407","-","2.77","-","9.66","7.93","2379"
"406","-","-","4.53","9.65","7.92","2374"
"405","-","-","-","9.64","7.90","2369"
"404","-","2.76","4.52","9.63","7.88","2364"
"403","-","-","-","9.62","7.87","2358"
"402","-","-","4.51","9.61","7.85","2353"
"401","1.40","2.75","-","9.60","7.83","2348"
"400","-","-","4.50","9.59","7.81","2343"
"399","-","2.74","-","9.58","7.80","2338"
"398","-","-","4.49","9.57","7.78","2333"
"397","-","-","-","9.56","7.76","2328"
"396","-","2.73","4.48","9.55","7.75","2322"
"395","-","-","-","9.54","7.73","2317"
"394","-","2.72","4.47","9.53","7.71","2312"
"393","1.39","-","-","9.52","7.70","2307"
"392","-","-","4.46","9.51","7.68","2302"
"391","-","2.71","-","9.50","7.66","2297"
"390","-","-","-","9.49","7.64","2292"
"389","-","2.70","4.45","9.48","7.63","2286"
"388","-","-","-","9.47","7.61","2281"
"387","-","-","4.44","9.46","7.59","2276"
"386","-","2.69","-","9.45","7.58","2271"
"385","1.38","-","4.43","9.44","7.56","2266"
"384","-","-","-","9.43","7.54","2261"
"383","-","2.68","4.42","9.42","7.52","2256"
"382","-","-","-","9.41","7.51","2250"
"381","-","2.67","4.41","9.40","7.49","2245"
"380","-","-","-","9.39","7.47","2240"
"379","-","-","4.40","9.38","7.46","2235"
"378","-","2.66","-","9.37","7.44","2230"
"377","-","-","4.39","9.36","7.42","2225"
"376","1.37","2.65","-","9.35","7.41","2219"
"375","-","-","4.38","9.34","7.39","2214"
"374","-","-","-","9.33","7.37","2209"
"373","-","2.64","4.37","9.32","7.35","2204"
"372","-","-","-","9.31","7.34","2199"
"371","-","2.63","4.36","9.30","7.32","2194"
"370","-","-","-","9.29","7.30","2189"
"369","-","-","4.35","9.28","7.29","2183"
"368","1.36","2.62","-","9.27","7.27","2178"
"367","-","-","4.34","9.26","7.25","2173"
"366","-","2.61","-","9.25","7.23","2168"
"365","-","-","4.33","9.24","7.22","2163"
"364","-","-","-","9.23","7.20","2158"
"363","-","2.60","4.32","9.22","7.18","2152"
"362","-","-","-","9.21","7.17","2147"
"361","-","-","4.31","9.20","7.15","2142"
"360","1.35","2.59","-","9.19","7.13","2137"
"359","-","-","4.30","9.18","7.12","2132"
"358","-","2.58","-","9.17","7.10","2127"
"357","-","-","4.29","9.16","7.08","2122"
"356","-","-","-","9.15","7.06","2116"
"355","-","2.57","4.28","9.14","7.05","2111"
"354","-","-","-","9.13","7.03","2106"
"353","-","2.56","4.27","9.12","7.01","2101"
"352","-","-","-","9.11","7.00","2096"
"351","1.34","-","4.26","9.10","6.98","2091"
"350","-","2.55","-","9.09","6.96","2085"
"349","-","-","4.25","9.08","6.94","2080"
"348","-","2.54","-","9.07","6.93","2075"
"347","-","-","4.24","9.06","6.91","2070"
"346","-","-","-","9.05","6.89","2065"
"345","-","2.53","4.23","9.04","6.88","2060"
"344","-","-","-","9.03","6.86","2054"
"343","1.33","2.52","4.22","9.02","6.84","2049"
"342","-","-","-","9.01","6.82","2044"
"341","-","-","4.21","9.00","6.81","2039"
"340","-","2.51","-","8.99","6.79","2034"
"339","-","-","4.20","8.98","6.77","2029"
"338","-","2.50","-","8.97","6.76","2023"
"337","-","-","4.19","8.96","6.74","2018"
"336","-","-","-","8.95","6.72","2013"
"335","1.32","2.49","4.18","8.94","6.71","2008"
"334","-","-","-","8.93","6.69","2003"
"333","-","-","4.17","8.92","6.67","1998"
"332","-","2.48","-","8.91","6.65","1992"
"331","-","-","-","8.90","6.64","1987"
"330","-","2.47","4.16","8.89","6.62","1982"
"329","-","-","-","8.88","6.60","1977"
"328","-","-","4.15","8.87","6.59","1972"
"327","-","2.46","-","8.86","6.57","1966"
"326","1.31","-","4.14","8.85","6.55","1961"
"325","-","2.45","-","8.84","6.53","1956"
"324","-","-","4.13","8.83","6.52","1951"
"323","-","-","-","8.82","6.50","1946"
"322","-","2.44","4.12","8.81","6.48","1941"
"321","-","-","-","8.80","6.47","1935"
"320","-","2.43","4.11","8.79","6.45","1930"
"319","-","-","-","8.78","6.43","1925"
"318","1.30","-","4.10","8.77","6.42","1920"
"317","-","2.42","-","8.76","6.40","1915"
"316","-","-","4.09","8.75","6.38","1909"
"315","-","2.41","-","8.74","6.36","1904"
"314","-","-","4.08","8.73","6.35","1899"
"313","-","-","-","8.72","6.33","1894"
"312","-","2.40","4.07","8.71","6.31","1889"
"311","-","-","-","8.70","6.30","1884"
"310","1.29","2.39","4.06","8.69","6.28","1878"
"309","-","-","-","8.68","6.26","1873"
"308","-","-","4.05","8.67","6.24","1868"
"307","-","2.38","-","8.66","6.23","1863"
"306","-","-","4.04","8.65","6.21","1858"
"305","-","-","-","8.64","6.19","1852"
"304","-","2.37","4.03","8.63","6.18","1847"
"303","-","-","-","8.62","6.16","1842"
"302","-","2.36","4.02","8.61","6.14","1837"
"301","1.28","-","-","8.60","6.12","1832"
"300","-","-","4.01","8.59","6.11","1827"
"299","-","2.35","-","8.58","6.09","1821"
"298","-","-","4.00","8.57","6.07","1816"
"297","-","2.34","-","8.56","6.06","1811"
"296","-","-","3.99","8.55","6.04","1806"
"295","-","-","-","8.54","6.02","1801"
"294","-","2.33","3.98","8.53","6.01","1795"
"293","1.27","-","-","8.52","5.99","1790"
"292","-","2.32","3.97","8.51","5.97","1785"
"291","-","-","-","8.50","5.95","1780"
"290","-","-","3.96","8.49","5.94","1775"
"289","-","2.31","-","8.47","5.92","1769"
"288","-","-","3.95","8.46","5.90","1764"
"287","-","2.30","-","8.45","5.89","1759"
"286","-","-","3.94","8.44","5.87","1754"
"285","1.26","-","-","8.43","5.85","1749"
"284","-","2.29","3.93","8.42","5.83","1743"
"283","-","-","-","8.41","5.82","1738"
"282","-","2.28","3.92","8.40","5.80","1733"
"281","-","-","-","8.39","5.78","1728"
"280","-","-","3.91","8.38","5.77","1723"
"279","-","2.27","-","8.37","5.75","1717"
"278","-","-","3.90","8.36","5.73","1712"
"277","1.25","2.26","-","8.35","5.71","1707"
"276","-","-","3.89","8.34","5.70","1702"
"275","-","-","-","8.33","5.68","1697"
"274","-","2.25","3.88","8.32","5.66","1691"
"273","-","-","-","8.31","5.65","1686"
"272","-","-","3.87","8.30","5.63","1681"
"271","-","2.24","-","8.29","5.61","1676"
"270","-","-","3.86","8.28","5.59","1671"
"269","-","2.23","-","8.27","5.58","1665"
"268","1.24","-","3.85","8.26","5.56","1660"
"267","-","-","-","8.25","5.54","1655"
"266","-","2.22","3.84","8.24","5.53","1650"
"265","-","-","-","8.23","5.51","1645"
"264","-","2.21","3.83","8.22","5.49","1639"
"263","-","-","-","8.21","5.48","1634"
"262","-","-","3.82","8.20","5.46","1629"
"261","-","2.20","-","8.19","5.44","1624"
"260","1.23","-","3.81","8.18","5.42","1619"
"259","-","2.19","-","8.17","5.41","1613"
"258","-","-","3.80","8.16","5.39","1608"
"257","-","-","-","8.15","5.37","1603"
"256","-","2.18","3.79","8.14","5.36","1598"
"255","-","-","-","8.13","5.34","1593"
"254","-","2.17","3.78","8.12","5.32","1587"
"253","-","-","-","8.11","5.30","1582"
"252","1.22","-","3.77","8.10","5.29","1577"
"251","-","2.16","-","8.09","5.27","1572"
"250","-","-","3.76","8.08","5.25","1566"
"249","-","2.15","-","8.07","5.24","1561"
"248","-","-","3.75","8.06","5.22","1556"
"247","-","-","-","8.05","5.20","1551"
"246","-","2.14","3.74","8.04","5.18","1546"
"245","-","-","-","8.03","5.17","1540"
"244","1.21","2.13","3.73","8.02","5.15","1535"
"243","-","-","-","8.01","5.13","1530"
"242","-","-","3.72","8.00","5.12","1525"
"241","-","2.12","-","7.99","5.10","1520"
"240","-","-","3.71","7.98","5.08","1514"
"239","-","2.11","-","7.97","5.06","1509"
"238","-","-","3.70","7.96","5.05","1504"
"237","-","-","-","7.95","5.03","1499"
"236","-","2.10","3.69","7.94","5.01","1493"
"235","1.20","-","-","7.93","5.00","1488"
"234","-","2.09","3.68","7.92","4.98","1483"
"233","-","-","-","7.91","4.96","1478"
"232","-","-","3.67","7.90","4.94","1473"
"231","-","2.08","-","7.89","4.93","1467"
"230","-","-","3.66","7.88","4.91","1462"
"229","-","-","-","7.87","4.89","1457"
"228","-","2.07","3.65","7.86","4.88","1452"
"227","1.19","-","-","7.85","4.86","1446"
"226","-","2.06","3.64","7.84","4.84","1441"
"225","-","-","-","7.82","4.82","1436"
"224","-","-","3.63","7.81","4.81","1431"
"223","-","2.05","-","7.80","4.79","1426"
"222","-","-","3.62","7.79","4.77","1420"
"221","-","2.04","-","7.78","4.76","1415"
"220","-","-","3.61","7.77","4.74","1410"
"219","1.18","-","-","7.76","4.72","1405"
"218","-","2.03","3.60","7.75","4.70","1399"
"217","-","-","-","7.74","4.69","1394"
"216","-","2.02","3.59","7.73","4.67","1389"
"215","-","-","-","7.72","4.65","1384"
"214","-","-","3.58","7.71","4.64","1378"
"213","-","2.01","-","7.70","4.62","1373"
"212","-","-","3.57","7.69","4.60","1368"
"211","1.17","2.00","-","7.68","4.59","1363"
"210","-","-","-","7.67","4.57","1358"
"209","-","-","3.56","7.66","4.55","1352"
"208","-","1.99","-","7.65","4.53","1347"
"207","-","-","3.55","7.64","4.52","1342"
"206","-","1.98","-","7.63","4.50","1337"
"205","-","-","3.54","7.62","4.48","1331"
"204","-","-","-","7.61","4.47","1326"
"203","1.16","1.97","3.53","7.60","4.45","1321"
"202","-","-","-","7.59","4.43","1316"
"201","-","1.96","3.52","7.58","4.41","1310"
"200","-","-","-","7.57","4.40","1305"
"199","-","-","3.51","7.56","4.38","1300"
"198","-","1.95","-","7.55","4.36","1295"
"197","-","-","3.50","7.54","4.35","1289"
"196","-","1.94","-","7.53","4.33","1284"
"195","-","-","3.49","7.52","4.31","1279"
"194","1.15","-","-","7.51","4.29","1274"
"193","-","1.93","3.48","7.50","4.28","1269"
"192","-","-","-","7.49","4.26","1263"
"191","-","1.92","3.47","7.48","4.24","1258"
"190","-","-","-","7.47","4.23","1253"
"189","-","-","3.46","7.46","4.21","1248"
"188","-","1.91","-","7.45","4.19","1242"
"187","-","-","3.45","7.44","4.17","1237"
"186","1.14","1.90","-","7.43","4.16","1232"
"185","-","-","3.44","7.42","4.14","1227"
"184","-","-","-","7.41","4.12","1221"
"183","-","1.89","3.43","7.40","4.11","1216"
"182","-","-","-","7.39","4.09","1211"
"181","-","1.88","3.42","7.38","4.07","1206"
"180","-","-","-","7.37","4.05","1200"
"179","-","-","3.41","7.36","4.04","1195"
"178","1.13","1.87","-","7.35","4.02","1190"
"177","-","-","3.40","7.33","4.00","1185"
"176","-","1.86","-","7.32","3.99","1179"
"175","-","-","3.39","7.31","3.97","1174"
"174","-","-","-","7.30","3.95","1169"
"173","-","1.85","3.38","7.29","3.93","1164"
"172","-","-","-","7.28","3.92","1158"
"171","-","1.84","3.37","7.27","3.90","1153"
"170","1.12","-","-","7.26","3.88","1148"
"169","-","-","3.36","7.25","3.87","1143"
"168","-","1.83","-","7.24","3.85","1137"
"167","-","-","3.35","7.23","3.83","1132"
"166","-","1.82","-","7.22","3.81","1127"
"165","-","-","3.34","7.21","3.80","1122"
"164","-","-","-","7.20","3.78","1116"
"163","-","1.81","3.33","7.19","3.76","1111"
"162","1.11","-","-","7.18","3.75","1106"
"161","-","1.80","3.32","7.17","3.73","1101"
"160","-","-","-","7.16","3.71","1095"
"159","-","-","3.31","7.15","3.69","1090"
"158","-","1.79","-","7.14","3.68","1085"
"157","-","-","3.30","7.13","3.66","1079"
"156","-","1.78","3.29","7.12","3.64","1074"
"155","-","-","-","7.11","3.63","1069"
"154","1.10","-","3.28","7.10","3.61","1064"
"153","-","1.77","-","7.09","3.59","1058"
"152","-","-","3.27","7.08","3.57","1053"
"151","-","1.76","-","7.07","3.56","1048"
"150","-","-","3.26","7.06","3.54","1043"
"149","-","-","-","7.05","3.52","1037"
"148","-","1.75","3.25","7.04","3.51","1032"
"147","-","-","-","7.03","3.49","1027"
"146","-","1.74","3.24","7.02","3.47","1022"
"145","1.09","-","-","7.01","3.45","1016"
"144","-","-","3.23","7.00","3.44","1011"
"143","-","1.73","-","6.99","3.42","1006"
"142","-","-","3.22","6.98","3.40","1001"
"141","-","1.72","-","6.97","3.39","995"
"140","-","-","3.21","6.96","3.37","990"
"139","-","-","-","6.95","3.35","985"
"138","-","1.71","3.20","6.94","3.33","979"
"137","1.08","-","-","6.92","3.32","974"
"136","-","1.70","3.19","6.91","3.30","969"
"135","-","-","-","6.90","3.28","964"
"134","-","-","3.18","6.89","3.27","958"
"133","-","1.69","-","6.88","3.25","953"
"132","-","-","3.17","6.87","3.23","948"
"131","-","1.68","-","6.86","3.21","943"
"130","-","-","3.16","6.85","3.20","937"
"129","1.07","-","-","6.84","3.18","932"
"128","-","1.67","3.15","6.83","3.16","927"
"127","-","-","-","6.82","3.14","921"
"126","-","1.66","3.14","6.81","3.13","916"
"125","-","-","-","6.80","3.11","911"
"124","-","-","3.13","6.79","3.09","906"
"123","-","1.65","-","6.78","3.08","900"
"122","-","-","3.12","6.77","3.06","895"
"121","1.06","1.64","-","6.76","3.04","890"
"120","-","-","3.11","6.75","3.02","884"
"119","-","-","-","6.74","3.01","879"
"118","-","1.63","3.10","6.73","2.99","874"
"117","-","-","-","6.72","2.97","869"
"116","-","1.62","3.09","6.71","2.96","863"
"115","-","-","-","6.70","2.94","858"
"114","-","-","3.08","6.69","2.92","853"
"113","1.05","1.61","-","6.68","2.90","848"
"112","-","-","3.07","6.67","2.89","842"
"111","-","1.60","-","6.66","2.87","837"
"110","-","-","3.06","6.65","2.85","832"
"109","-","-","-","6.64","2.84","826"
"108","-","1.59","3.05","6.63","2.82","821"
"107","-","-","-","6.62","2.80","816"
"106","-","1.58","3.04","6.61","2.78","811"
"105","1.04","-","-","6.60","2.77","805"
"104","-","-","3.03","6.59","2.75","800"
"103","-","1.57","-","6.57","2.73","795"
"102","-","-","3.02","6.56","2.72","789"
"101","-","1.56","-","6.55","2.70","784"
"100","-","-","3.01","6.54","2.68","779"
"99","-","-","-","6.53","2.66","774"
"98","-","1.55","3.00","6.52","2.65","768"
"97","1.03","-","-","6.51","2.63","763"
"96","-","1.54","2.99","6.50","2.61","758"
"95","-","-","-","6.49","2.60","752"
"94","-","-","2.98","6.48","2.58","747"
"93","-","1.53","-","6.47","2.56","742"
"92","-","-","2.97","6.46","2.54","736"
"91","-","1.52","-","6.45","2.53","731"
"90","-","-","2.96","6.44","2.51","726"
"89","-","-","-","6.43","2.49","721"
"88","1.02","1.51","2.95","6.42","2.48","715"
"87","-","-","-","6.41","2.46","710"
"86","-","1.50","2.94","6.40","2.44","705"
"85","-","-","-","6.39","2.42","699"
"84","-","-","2.93","6.38","2.41","694"
"83","-","1.49","-","6.37","2.39","689"
"82","-","-","2.92","6.36","2.37","684"
"81","-","1.48","-","6.35","2.36","678"
"80","1.01","-","2.91","6.34","2.34","673"
"79","-","-","-","6.33","2.32","668"
"78","-","1.47","2.90","6.32","2.30","662"
"77","-","-","-","6.31","2.29","657"
"76","-","1.46","2.89","6.30","2.27","652"
"75","-","-","-","6.29","2.25","646"
"74","-","-","2.88","6.28","2.23","641"
"73","-","1.45","-","6.27","2.22","636"
"72","1.00","-","2.87","6.25","2.20","630"
"71","-","1.44","-","6.24","2.18","625"
"70","-","-","2.86","6.23","2.17","620"
"69","-","-","-","6.22","2.15","615"
"68","-","1.43","2.85","6.21","2.13","609"
"67","-","-","-","6.20","2.11","604"
"66","-","1.42","2.84","6.19","2.10","599"
"65","-","-","-","6.18","2.08","593"
"64","0.99","-","2.83","6.17","2.06","588"
"63","-","1.41","-","6.16","2.05","583"
"62","-","-","2.82","6.15","2.03","577"
"61","-","1.40","-","6.14","2.01","572"
"60","-","-","2.81","6.13","1.99","567"
"59","-","-","-","6.12","1.98","561"
"58","-","1.39","2.80","6.11","1.96","556"
"57","-","-","-","6.10","1.94","551"
"56","0.98","1.38","2.79","6.09","1.93","546"
"55","-","-","-","6.08","1.91","540"
"54","-","-","2.78","6.07","1.89","535"
"53","-","1.37","-","6.06","1.87","530"
"52","-","-","2.77","6.05","1.86","524"
"51","-","1.36","-","6.04","1.84","519"
"50","-","-","2.76","6.03","1.82","514"
"49","-","-","-","6.02","1.80","508"
"48","0.97","1.35","2.75","6.01","1.79","503"
"47","-","-","-","6.00","1.77","498"
"46","-","1.34","2.74","5.99","1.75","492"
"45","-","-","-","5.98","1.74","487"
"44","-","-","2.73","5.96","1.72","482"
"43","-","1.33","-","5.95","1.70","476"
"42","-","-","2.72","5.94","1.68","471"
"41","-","1.32","-","5.93","1.67","466"
"40","0.96","-","2.71","5.92","1.65","460"
"39","-","1.31","-","5.91","1.63","455"
"38","-","-","2.70","5.90","1.62","450"
"37","-","-","2.69","5.89","1.60","445"
"36","-","1.30","-","5.88","1.58","439"
"35","-","-","2.68","5.87","1.56","434"
"34","-","1.29","-","5.86","1.55","429"
"33","-","-","2.67","5.85","1.53","423"
"32","0.95","-","-","5.84","1.51","418"
"31","-","1.28","2.66","5.83","1.50","413"
"30","-","-","-","5.82","1.48","407"
"29","-","1.27","2.65","5.81","1.46","402"
"28","-","-","-","5.80","1.44","397"
"27","-","-","2.64","5.79","1.43","391"
"26","-","1.26","-","5.78","1.41","386"
"25","-","-","2.63","5.77","1.39","381"
"24","0.94","1.25","-","5.76","1.37","375"
"23","-","-","2.62","5.75","1.36","370"
"22","-","-","-","5.74","1.34","365"
"21","-","1.24","2.61","5.73","1.32","359"
"20","-","-","-","5.72","1.31","354"
"19","-","1.23","2.60","5.71","1.29","349"
"18","-","-","-","5.70","1.27","343"
"17","-","-","2.59","5.68","1.25","338"
"16","0.93","1.22","-","5.67","1.24","333"
"15","-","-","2.58","5.66","1.22","327"
"14","-","1.21","-","5.65","1.20","322"
"13","-","-","2.57","5.64","1.19","317"
"12","-","-","-","5.63","1.17","311"
"11","-","1.20","2.56","5.62","1.15","306"
"10","-","-","-","5.61","1.13","301"
"9","-","1.19","2.55","5.60","1.12","295"
"8","0.92","-","-","5.59","1.10","290"
"7","-","-","2.54","5.58","1.08","285"
"6","-","1.18","-","5.57","1.07","279"
"5","-","-","2.53","5.56","1.05","274"
"4","-","1.17","-","5.55","1.03","269"
"3","-","-","2.52","5.54","1.01","263"
"2","-","-","-","5.53","1.00","258"
"1","-","1.16","2.51","5.52","0.98","253"
