"Points","HJ","PV","LJ","TJ","SP","DT","HT","JT","Decathlon"
"1400","-","6.48","-","19.19","24.66","78.39","93.30","100.90","9747"
"1399","-","-","9.19","19.18","24.64","78.34","93.24","100.83","9741"
"1398","-","-","-","19.17","24.62","78.28","93.17","100.76","9734"
"1397","-","6.47","9.18","19.16","24.61","78.23","93.11","100.69","9728"
"1396","-","-","-","19.15","24.59","78.17","93.04","100.62","9722"
"1395","2.54","-","9.17","19.14","24.57","78.12","92.98","100.55","9716"
"1394","-","6.46","-","19.13","24.56","78.07","92.92","100.48","9709"
"1393","-","-","9.16","19.12","24.54","78.01","92.85","100.41","9703"
"1392","-","6.45","-","19.11","24.52","77.96","92.79","100.34","9697"
"1391","-","-","9.15","19.10","24.51","77.90","92.72","100.27","9690"
"1390","-","-","-","-","24.49","77.85","92.66","100.20","9684"
"1389","-","6.44","-","19.09","24.47","77.80","92.59","100.13","9678"
"1388","-","-","9.14","19.08","24.46","77.74","92.53","100.06","9671"
"1387","-","-","-","19.07","24.44","77.69","92.46","99.99","9665"
"1386","2.53","6.43","9.13","19.06","24.42","77.63","92.40","99.93","9659"
"1385","-","-","-","19.05","24.41","77.58","92.33","99.86","9652"
"1384","-","-","9.12","19.04","24.39","77.53","92.27","99.79","9646"
"1383","-","6.42","-","19.03","24.37","77.47","92.21","99.72","9640"
"1382","-","-","9.11","19.02","24.36","77.42","92.14","99.65","9633"
"1381","-","6.41","-","19.01","24.34","77.36","92.08","99.58","9627"
"1380","-","-","-","19.00","24.32","77.31","92.01","99.51","9621"
"1379","-","-","9.10","18.99","24.31","77.26","91.95","99.44","9614"
"1378","-","6.40","-","-","24.29","77.20","91.88","99.37","9608"
"1377","2.52","-","9.09","18.98","24.27","77.15","91.82","99.30","9602"
"1376","-","-","-","18.97","24.26","77.09","91.75","99.23","9595"
"1375","-","6.39","9.08","18.96","24.24","77.04","91.69","99.16","9589"
"1374","-","-","-","18.95","24.22","76.99","91.62","99.09","9583"
"1373","-","-","9.07","18.94","24.21","76.93","91.56","99.02","9576"
"1372","-","6.38","-","18.93","24.19","76.88","91.49","98.95","9570"
"1371","-","-","9.06","18.92","24.17","76.82","91.43","98.88","9564"
"1370","-","-","-","18.91","24.16","76.77","91.37","98.81","9557"
"1369","-","6.37","-","18.90","24.14","76.72","91.30","98.74","9551"
"1368","2.51","-","9.05","18.89","24.12","76.66","91.24","98.67","9545"
"1367","-","6.36","-","18.88","24.11","76.61","91.17","98.60","9538"
"1366","-","-","9.04","18.87","24.09","76.55","91.11","98.53","9532"
"1365","-","-","-","-","24.07","76.50","91.04","98.46","9526"
"1364","-","6.35","9.03","18.86","24.06","76.45","90.98","98.39","9519"
"1363","-","-","-","18.85","24.04","76.39","90.91","98.32","9513"
"1362","-","-","9.02","18.84","24.02","76.34","90.85","98.25","9507"
"1361","-","6.34","-","18.83","24.01","76.28","90.78","98.18","9500"
"1360","-","-","9.01","18.82","23.99","76.23","90.72","98.11","9494"
"1359","2.50","-","-","18.81","23.97","76.18","90.65","98.04","9488"
"1358","-","6.33","-","18.80","23.96","76.12","90.59","97.97","9481"
"1357","-","-","9.00","18.79","23.94","76.07","90.53","97.90","9475"
"1356","-","-","-","18.78","23.92","76.01","90.46","97.83","9468"
"1355","-","6.32","8.99","18.77","23.91","75.96","90.40","97.76","9462"
"1354","-","-","-","18.76","23.89","75.91","90.33","97.69","9456"
"1353","-","6.31","8.98","18.75","23.87","75.85","90.27","97.62","9449"
"1352","-","-","-","-","23.86","75.80","90.20","97.55","9443"
"1351","-","-","8.97","18.74","23.84","75.74","90.14","97.48","9437"
"1350","2.49","6.30","-","18.73","23.82","75.69","90.07","97.41","9430"
"1349","-","-","-","18.72","23.81","75.64","90.01","97.34","9424"
"1348","-","-","8.96","18.71","23.79","75.58","89.94","97.27","9418"
"1347","-","6.29","-","18.70","23.77","75.53","89.88","97.20","9411"
"1346","-","-","8.95","18.69","23.76","75.47","89.81","97.13","9405"
"1345","-","-","-","18.68","23.74","75.42","89.75","97.06","9399"
"1344","-","6.28","8.94","18.67","23.72","75.36","89.69","96.99","9392"
"1343","-","-","-","18.66","23.71","75.31","89.62","96.92","9386"
"1342","-","6.27","8.93","18.65","23.69","75.26","89.56","96.85","9380"
"1341","2.48","-","-","18.64","23.67","75.20","89.49","96.78","9373"
"1340","-","-","8.92","18.63","23.66","75.15","89.43","96.71","9367"
"1339","-","6.26","-","18.62","23.64","75.09","89.36","96.64","9361"
"1338","-","-","-","-","23.62","75.04","89.30","96.57","9354"
"1337","-","-","8.91","18.61","23.61","74.99","89.23","96.50","9348"
"1336","-","6.25","-","18.60","23.59","74.93","89.17","96.43","9342"
"1335","-","-","8.90","18.59","23.57","74.88","89.10","96.36","9335"
"1334","-","-","-","18.58","23.56","74.82","89.04","96.29","9329"
"1333","-","6.24","8.89","18.57","23.54","74.77","88.97","96.22","9322"
"1332","2.47","-","-","18.56","23.52","74.72","88.91","96.15","9316"
"1331","-","-","8.88","18.55","23.51","74.66","88.85","96.08","9310"
"1330","-","6.23","-","18.54","23.49","74.61","88.78","96.01","9303"
"1329","-","-","8.87","18.53","23.47","74.55","88.72","95.94","9297"
"1328","-","6.22","-","18.52","23.46","74.50","88.65","95.87","9291"
"1327","-","-","-","18.51","23.44","74.45","88.59","95.80","9284"
"1326","-","-","8.86","18.50","23.42","74.39","88.52","95.73","9278"
"1325","-","6.21","-","-","23.41","74.34","88.46","95.66","9272"
"1324","-","-","8.85","18.49","23.39","74.28","88.39","95.59","9265"
"1323","2.46","-","-","18.48","23.37","74.23","88.33","95.52","9259"
"1322","-","6.20","8.84","18.47","23.36","74.18","88.26","95.45","9253"
"1321","-","-","-","18.46","23.34","74.12","88.20","95.38","9246"
"1320","-","-","8.83","18.45","23.32","74.07","88.13","95.31","9240"
"1319","-","6.19","-","18.44","23.31","74.01","88.07","95.24","9233"
"1318","-","-","8.82","18.43","23.29","73.96","88.00","95.17","9227"
"1317","-","6.18","-","18.42","23.27","73.90","87.94","95.10","9221"
"1316","-","-","-","18.41","23.26","73.85","87.88","95.03","9214"
"1315","-","-","8.81","18.40","23.24","73.80","87.81","94.96","9208"
"1314","2.45","6.17","-","18.39","23.22","73.74","87.75","94.89","9202"
"1313","-","-","8.80","18.38","23.21","73.69","87.68","94.82","9195"
"1312","-","-","-","-","23.19","73.63","87.62","94.75","9189"
"1311","-","6.16","8.79","18.37","23.17","73.58","87.55","94.68","9183"
"1310","-","-","-","18.36","23.16","73.53","87.49","94.61","9176"
"1309","-","-","8.78","18.35","23.14","73.47","87.42","94.54","9170"
"1308","-","6.15","-","18.34","23.12","73.42","87.36","94.47","9163"
"1307","-","-","-","18.33","23.11","73.36","87.29","94.40","9157"
"1306","-","6.14","8.77","18.32","23.09","73.31","87.23","94.33","9151"
"1305","2.44","-","-","18.31","23.07","73.26","87.16","94.26","9144"
"1304","-","-","8.76","18.30","23.06","73.20","87.10","94.19","9138"
"1303","-","6.13","-","18.29","23.04","73.15","87.03","94.12","9132"
"1302","-","-","8.75","18.28","23.02","73.09","86.97","94.05","9125"
"1301","-","-","-","18.27","23.01","73.04","86.90","93.98","9119"
"1300","-","6.12","8.74","18.26","22.99","72.98","86.84","93.91","9112"
"1299","-","-","-","18.25","22.97","72.93","86.78","93.84","9106"
"1298","-","-","8.73","-","22.96","72.88","86.71","93.77","9100"
"1297","-","6.11","-","18.24","22.94","72.82","86.65","93.70","9093"
"1296","2.43","-","-","18.23","22.92","72.77","86.58","93.63","9087"
"1295","-","-","8.72","18.22","22.91","72.71","86.52","93.56","9081"
"1294","-","6.10","-","18.21","22.89","72.66","86.45","93.49","9074"
"1293","-","-","8.71","18.20","22.87","72.61","86.39","93.42","9068"
"1292","-","6.09","-","18.19","22.86","72.55","86.32","93.35","9061"
"1291","-","-","8.70","18.18","22.84","72.50","86.26","93.28","9055"
"1290","-","-","-","18.17","22.82","72.44","86.19","93.21","9049"
"1289","-","6.08","8.69","18.16","22.81","72.39","86.13","93.14","9042"
"1288","-","-","-","18.15","22.79","72.34","86.06","93.07","9036"
"1287","2.42","-","8.68","18.14","22.77","72.28","86.00","93.00","9030"
"1286","-","6.07","-","18.13","22.76","72.23","85.93","92.93","9023"
"1285","-","-","-","18.12","22.74","72.17","85.87","92.86","9017"
"1284","-","-","8.67","-","22.72","72.12","85.80","92.79","9010"
"1283","-","6.06","-","18.11","22.71","72.06","85.74","92.72","9004"
"1282","-","-","8.66","18.10","22.69","72.01","85.68","92.65","8998"
"1281","-","6.05","-","18.09","22.67","71.96","85.61","92.58","8991"
"1280","-","-","8.65","18.08","22.66","71.90","85.55","92.51","8985"
"1279","-","-","-","18.07","22.64","71.85","85.48","92.44","8979"
"1278","2.41","6.04","8.64","18.06","22.62","71.79","85.42","92.37","8972"
"1277","-","-","-","18.05","22.61","71.74","85.35","92.30","8966"
"1276","-","-","8.63","18.04","22.59","71.69","85.29","92.23","8959"
"1275","-","6.03","-","18.03","22.57","71.63","85.22","92.16","8953"
"1274","-","-","-","18.02","22.56","71.58","85.16","92.09","8947"
"1273","-","-","8.62","18.01","22.54","71.52","85.09","92.02","8940"
"1272","-","6.02","-","18.00","22.52","71.47","85.03","91.95","8934"
"1271","-","-","8.61","17.99","22.51","71.41","84.96","91.88","8927"
"1270","-","6.01","-","-","22.49","71.36","84.90","91.81","8921"
"1269","2.40","-","8.60","17.98","22.47","71.31","84.83","91.74","8915"
"1268","-","-","-","17.97","22.46","71.25","84.77","91.67","8908"
"1267","-","6.00","8.59","17.96","22.44","71.20","84.70","91.60","8902"
"1266","-","-","-","17.95","22.42","71.14","84.64","91.53","8896"
"1265","-","-","8.58","17.94","22.41","71.09","84.57","91.46","8889"
"1264","-","5.99","-","17.93","22.39","71.04","84.51","91.39","8883"
"1263","-","-","-","17.92","22.37","70.98","84.45","91.32","8876"
"1262","-","-","8.57","17.91","22.36","70.93","84.38","91.25","8870"
"1261","-","5.98","-","17.90","22.34","70.87","84.32","91.18","8864"
"1260","2.39","-","8.56","17.89","22.32","70.82","84.25","91.11","8857"
"1259","-","5.97","-","17.88","22.31","70.76","84.19","91.04","8851"
"1258","-","-","8.55","17.87","22.29","70.71","84.12","90.97","8844"
"1257","-","-","-","17.86","22.27","70.66","84.06","90.90","8838"
"1256","-","5.96","8.54","17.85","22.26","70.60","83.99","90.83","8832"
"1255","-","-","-","-","22.24","70.55","83.93","90.76","8825"
"1254","-","-","8.53","17.84","22.22","70.49","83.86","90.69","8819"
"1253","-","5.95","-","17.83","22.21","70.44","83.80","90.62","8812"
"1252","-","-","-","17.82","22.19","70.39","83.73","90.55","8806"
"1251","2.38","-","8.52","17.81","22.17","70.33","83.67","90.48","8800"
"1250","-","5.94","-","17.80","22.16","70.28","83.60","90.41","8793"
"1249","-","-","8.51","17.79","22.14","70.22","83.54","90.34","8787"
"1248","-","-","-","17.78","22.12","70.17","83.47","90.27","8780"
"1247","-","5.93","8.50","17.77","22.11","70.11","83.41","90.20","8774"
"1246","-","-","-","17.76","22.09","70.06","83.34","90.13","8768"
"1245","-","5.92","8.49","17.75","22.07","70.01","83.28","90.06","8761"
"1244","-","-","-","17.74","22.06","69.95","83.21","89.99","8755"
"1243","-","-","8.48","17.73","22.04","69.90","83.15","89.92","8748"
"1242","2.37","5.91","-","17.72","22.02","69.84","83.09","89.85","8742"
"1241","-","-","-","-","22.01","69.79","83.02","89.78","8736"
"1240","-","-","8.47","17.71","21.99","69.74","82.96","89.71","8729"
"1239","-","5.90","-","17.70","21.97","69.68","82.89","89.64","8723"
"1238","-","-","8.46","17.69","21.96","69.63","82.83","89.57","8716"
"1237","-","-","-","17.68","21.94","69.57","82.76","89.50","8710"
"1236","-","5.89","8.45","17.67","21.92","69.52","82.70","89.43","8704"
"1235","-","-","-","17.66","21.91","69.46","82.63","89.36","8697"
"1234","-","5.88","8.44","17.65","21.89","69.41","82.57","89.29","8691"
"1233","2.36","-","-","17.64","21.87","69.36","82.50","89.22","8684"
"1232","-","-","8.43","17.63","21.86","69.30","82.44","89.15","8678"
"1231","-","5.87","-","17.62","21.84","69.25","82.37","89.08","8672"
"1230","-","-","-","17.61","21.82","69.19","82.31","89.01","8665"
"1229","-","-","8.42","17.60","21.81","69.14","82.24","88.94","8659"
"1228","-","5.86","-","17.59","21.79","69.08","82.18","88.87","8652"
"1227","-","-","8.41","17.58","21.77","69.03","82.11","88.80","8646"
"1226","-","-","-","-","21.76","68.98","82.05","88.73","8640"
"1225","-","5.85","8.40","17.57","21.74","68.92","81.98","88.66","8633"
"1224","2.35","-","-","17.56","21.72","68.87","81.92","88.59","8627"
"1223","-","5.84","8.39","17.55","21.71","68.81","81.85","88.52","8620"
"1222","-","-","-","17.54","21.69","68.76","81.79","88.45","8614"
"1221","-","-","8.38","17.53","21.67","68.71","81.72","88.38","8607"
"1220","-","5.83","-","17.52","21.66","68.65","81.66","88.31","8601"
"1219","-","-","8.37","17.51","21.64","68.60","81.59","88.24","8595"
"1218","-","-","-","17.50","21.62","68.54","81.53","88.17","8588"
"1217","-","5.82","-","17.49","21.60","68.49","81.46","88.10","8582"
"1216","-","-","8.36","17.48","21.59","68.43","81.40","88.03","8575"
"1215","2.34","-","-","17.47","21.57","68.38","81.34","87.96","8569"
"1214","-","5.81","8.35","17.46","21.55","68.33","81.27","87.89","8563"
"1213","-","-","-","17.45","21.54","68.27","81.21","87.82","8556"
"1212","-","5.80","8.34","17.44","21.52","68.22","81.14","87.75","8550"
"1211","-","-","-","-","21.50","68.16","81.08","87.68","8543"
"1210","-","-","8.33","17.43","21.49","68.11","81.01","87.61","8537"
"1209","-","5.79","-","17.42","21.47","68.05","80.95","87.54","8530"
"1208","-","-","8.32","17.41","21.45","68.00","80.88","87.47","8524"
"1207","-","-","-","17.40","21.44","67.95","80.82","87.40","8518"
"1206","2.33","5.78","-","17.39","21.42","67.89","80.75","87.33","8511"
"1205","-","-","8.31","17.38","21.40","67.84","80.69","87.26","8505"
"1204","-","-","-","17.37","21.39","67.78","80.62","87.19","8498"
"1203","-","5.77","8.30","17.36","21.37","67.73","80.56","87.12","8492"
"1202","-","-","-","17.35","21.35","67.67","80.49","87.05","8486"
"1201","-","5.76","8.29","17.34","21.34","67.62","80.43","86.98","8479"
"1200","-","-","-","17.33","21.32","67.57","80.36","86.91","8473"
"1199","-","-","8.28","17.32","21.30","67.51","80.30","86.84","8466"
"1198","-","5.75","-","17.31","21.29","67.46","80.23","86.77","8460"
"1197","2.32","-","8.27","17.30","21.27","67.40","80.17","86.70","8453"
"1196","-","-","-","17.29","21.25","67.35","80.10","86.63","8447"
"1195","-","5.74","-","-","21.24","67.29","80.04","86.56","8441"
"1194","-","-","8.26","17.28","21.22","67.24","79.97","86.49","8434"
"1193","-","-","-","17.27","21.20","67.19","79.91","86.42","8428"
"1192","-","5.73","8.25","17.26","21.19","67.13","79.84","86.35","8421"
"1191","-","-","-","17.25","21.17","67.08","79.78","86.28","8415"
"1190","-","5.72","8.24","17.24","21.15","67.02","79.71","86.21","8408"
"1189","-","-","-","17.23","21.14","66.97","79.65","86.14","8402"
"1188","2.31","-","8.23","17.22","21.12","66.92","79.58","86.07","8396"
"1187","-","5.71","-","17.21","21.10","66.86","79.52","86.00","8389"
"1186","-","-","8.22","17.20","21.09","66.81","79.45","85.93","8383"
"1185","-","-","-","17.19","21.07","66.75","79.39","85.86","8376"
"1184","-","5.70","8.21","17.18","21.05","66.70","79.32","85.79","8370"
"1183","-","-","-","17.17","21.04","66.64","79.26","85.72","8363"
"1182","-","-","-","17.16","21.02","66.59","79.20","85.65","8357"
"1181","-","5.69","8.20","17.15","21.00","66.54","79.13","85.58","8351"
"1180","-","-","-","-","20.99","66.48","79.07","85.51","8344"
"1179","2.30","5.68","8.19","17.14","20.97","66.43","79.00","85.44","8338"
"1178","-","-","-","17.13","20.95","66.37","78.94","85.37","8331"
"1177","-","-","8.18","17.12","20.94","66.32","78.87","85.30","8325"
"1176","-","5.67","-","17.11","20.92","66.26","78.81","85.22","8318"
"1175","-","-","8.17","17.10","20.90","66.21","78.74","85.15","8312"
"1174","-","-","-","17.09","20.89","66.16","78.68","85.08","8306"
"1173","-","5.66","8.16","17.08","20.87","66.10","78.61","85.01","8299"
"1172","-","-","-","17.07","20.85","66.05","78.55","84.94","8293"
"1171","-","5.65","-","17.06","20.84","65.99","78.48","84.87","8286"
"1170","2.29","-","8.15","17.05","20.82","65.94","78.42","84.80","8280"
"1169","-","-","-","17.04","20.80","65.88","78.35","84.73","8273"
"1168","-","5.64","8.14","17.03","20.79","65.83","78.29","84.66","8267"
"1167","-","-","-","17.02","20.77","65.78","78.22","84.59","8260"
"1166","-","-","8.13","17.01","20.75","65.72","78.16","84.52","8254"
"1165","-","5.63","-","17.00","20.74","65.67","78.09","84.45","8248"
"1164","-","-","8.12","-","20.72","65.61","78.03","84.38","8241"
"1163","-","-","-","16.99","20.70","65.56","77.96","84.31","8235"
"1162","-","5.62","8.11","16.98","20.68","65.50","77.90","84.24","8228"
"1161","2.28","-","-","16.97","20.67","65.45","77.83","84.17","8222"
"1160","-","5.61","8.10","16.96","20.65","65.40","77.77","84.10","8215"
"1159","-","-","-","16.95","20.63","65.34","77.70","84.03","8209"
"1158","-","-","-","16.94","20.62","65.29","77.64","83.96","8202"
"1157","-","5.60","8.09","16.93","20.60","65.23","77.57","83.89","8196"
"1156","-","-","-","16.92","20.58","65.18","77.51","83.82","8190"
"1155","-","-","8.08","16.91","20.57","65.12","77.44","83.75","8183"
"1154","-","5.59","-","16.90","20.55","65.07","77.38","83.68","8177"
"1153","-","-","8.07","16.89","20.53","65.02","77.31","83.61","8170"
"1152","2.27","-","-","16.88","20.52","64.96","77.25","83.54","8164"
"1151","-","5.58","8.06","16.87","20.50","64.91","77.18","83.47","8157"
"1150","-","-","-","16.86","20.48","64.85","77.12","83.40","8151"
"1149","-","5.57","8.05","16.85","20.47","64.80","77.05","83.33","8144"
"1148","-","-","-","-","20.45","64.74","76.99","83.26","8138"
"1147","-","-","-","16.84","20.43","64.69","76.92","83.19","8132"
"1146","-","5.56","8.04","16.83","20.42","64.63","76.86","83.12","8125"
"1145","-","-","-","16.82","20.40","64.58","76.79","83.05","8119"
"1144","-","-","8.03","16.81","20.38","64.53","76.73","82.98","8112"
"1143","2.26","5.55","-","16.80","20.37","64.47","76.66","82.91","8106"
"1142","-","-","8.02","16.79","20.35","64.42","76.60","82.84","8099"
"1141","-","-","-","16.78","20.33","64.36","76.53","82.77","8093"
"1140","-","5.54","8.01","16.77","20.32","64.31","76.47","82.70","8086"
"1139","-","-","-","16.76","20.30","64.25","76.40","82.63","8080"
"1138","-","5.53","8.00","16.75","20.28","64.20","76.34","82.56","8073"
"1137","-","-","-","16.74","20.27","64.15","76.27","82.49","8067"
"1136","-","-","7.99","16.73","20.25","64.09","76.21","82.42","8061"
"1135","2.25","5.52","-","16.72","20.23","64.04","76.14","82.35","8054"
"1134","-","-","-","16.71","20.22","63.98","76.08","82.28","8048"
"1133","-","-","7.98","16.70","20.20","63.93","76.01","82.21","8041"
"1132","-","5.51","-","16.69","20.18","63.87","75.95","82.14","8035"
"1131","-","-","7.97","-","20.17","63.82","75.88","82.07","8028"
"1130","-","-","-","16.68","20.15","63.77","75.82","82.00","8022"
"1129","-","5.50","7.96","16.67","20.13","63.71","75.75","81.92","8015"
"1128","-","-","-","16.66","20.12","63.66","75.69","81.85","8009"
"1127","-","5.49","7.95","16.65","20.10","63.60","75.62","81.78","8002"
"1126","2.24","-","-","16.64","20.08","63.55","75.56","81.71","7996"
"1125","-","-","7.94","16.63","20.07","63.49","75.49","81.64","7990"
"1124","-","5.48","-","16.62","20.05","63.44","75.43","81.57","7983"
"1123","-","-","7.93","16.61","20.03","63.39","75.36","81.50","7977"
"1122","-","-","-","16.60","20.02","63.33","75.30","81.43","7970"
"1121","-","5.47","-","16.59","20.00","63.28","75.23","81.36","7964"
"1120","-","-","7.92","16.58","19.98","63.22","75.17","81.29","7957"
"1119","-","5.46","-","16.57","19.96","63.17","75.10","81.22","7951"
"1118","-","-","7.91","16.56","19.95","63.11","75.04","81.15","7944"
"1117","2.23","-","-","16.55","19.93","63.06","74.97","81.08","7938"
"1116","-","5.45","7.90","16.54","19.91","63.00","74.91","81.01","7931"
"1115","-","-","-","16.53","19.90","62.95","74.84","80.94","7925"
"1114","-","-","7.89","-","19.88","62.90","74.78","80.87","7918"
"1113","-","5.44","-","16.52","19.86","62.84","74.71","80.80","7912"
"1112","-","-","7.88","16.51","19.85","62.79","74.65","80.73","7905"
"1111","-","-","-","16.50","19.83","62.73","74.58","80.66","7899"
"1110","-","5.43","-","16.49","19.81","62.68","74.52","80.59","7893"
"1109","-","-","7.87","16.48","19.80","62.62","74.45","80.52","7886"
"1108","2.22","5.42","-","16.47","19.78","62.57","74.39","80.45","7880"
"1107","-","-","7.86","16.46","19.76","62.52","74.32","80.38","7873"
"1106","-","-","-","16.45","19.75","62.46","74.26","80.31","7867"
"1105","-","5.41","7.85","16.44","19.73","62.41","74.19","80.24","7860"
"1104","-","-","-","16.43","19.71","62.35","74.13","80.17","7854"
"1103","-","-","7.84","16.42","19.70","62.30","74.06","80.10","7847"
"1102","-","5.40","-","16.41","19.68","62.24","74.00","80.03","7841"
"1101","-","-","7.83","16.40","19.66","62.19","73.93","79.96","7834"
"1100","-","-","-","16.39","19.65","62.13","73.87","79.89","7828"
"1099","2.21","5.39","7.82","16.38","19.63","62.08","73.80","79.82","7821"
"1098","-","-","-","16.37","19.61","62.03","73.74","79.75","7815"
"1097","-","5.38","-","-","19.60","61.97","73.67","79.68","7808"
"1096","-","-","7.81","16.36","19.58","61.92","73.61","79.61","7802"
"1095","-","-","-","16.35","19.56","61.86","73.54","79.54","7795"
"1094","-","5.37","7.80","16.34","19.55","61.81","73.48","79.47","7789"
"1093","-","-","-","16.33","19.53","61.75","73.41","79.39","7782"
"1092","-","-","7.79","16.32","19.51","61.70","73.35","79.32","7776"
"1091","-","5.36","-","16.31","19.50","61.65","73.28","79.25","7770"
"1090","2.20","-","7.78","16.30","19.48","61.59","73.22","79.18","7763"
"1089","-","5.35","-","16.29","19.46","61.54","73.15","79.11","7757"
"1088","-","-","7.77","16.28","19.45","61.48","73.09","79.04","7750"
"1087","-","-","-","16.27","19.43","61.43","73.02","78.97","7744"
"1086","-","5.34","7.76","16.26","19.41","61.37","72.96","78.90","7737"
"1085","-","-","-","16.25","19.40","61.32","72.89","78.83","7731"
"1084","-","-","-","16.24","19.38","61.26","72.83","78.76","7724"
"1083","-","5.33","7.75","16.23","19.36","61.21","72.76","78.69","7718"
"1082","-","-","-","16.22","19.34","61.16","72.70","78.62","7711"
"1081","2.19","-","7.74","16.21","19.33","61.10","72.63","78.55","7705"
"1080","-","5.32","-","16.20","19.31","61.05","72.57","78.48","7698"
"1079","-","-","7.73","-","19.29","60.99","72.50","78.41","7692"
"1078","-","5.31","-","16.19","19.28","60.94","72.44","78.34","7685"
"1077","-","-","7.72","16.18","19.26","60.88","72.37","78.27","7679"
"1076","-","-","-","16.17","19.24","60.83","72.31","78.20","7672"
"1075","-","5.30","7.71","16.16","19.23","60.77","72.24","78.13","7666"
"1074","-","-","-","16.15","19.21","60.72","72.18","78.06","7659"
"1073","-","-","7.70","16.14","19.19","60.67","72.11","77.99","7653"
"1072","2.18","5.29","-","16.13","19.18","60.61","72.05","77.92","7646"
"1071","-","-","-","16.12","19.16","60.56","71.98","77.85","7640"
"1070","-","5.28","7.69","16.11","19.14","60.50","71.92","77.78","7633"
"1069","-","-","-","16.10","19.13","60.45","71.85","77.71","7627"
"1068","-","-","7.68","16.09","19.11","60.39","71.79","77.64","7620"
"1067","-","5.27","-","16.08","19.09","60.34","71.72","77.57","7614"
"1066","-","-","7.67","16.07","19.08","60.29","71.66","77.50","7607"
"1065","-","-","-","16.06","19.06","60.23","71.59","77.43","7601"
"1064","2.17","5.26","7.66","16.05","19.04","60.18","71.53","77.35","7594"
"1063","-","-","-","16.04","19.03","60.12","71.46","77.28","7588"
"1062","-","-","7.65","16.03","19.01","60.07","71.40","77.21","7581"
"1061","-","5.25","-","-","18.99","60.01","71.33","77.14","7575"
"1060","-","-","7.64","16.02","18.98","59.96","71.27","77.07","7568"
"1059","-","5.24","-","16.01","18.96","59.90","71.20","77.00","7562"
"1058","-","-","-","16.00","18.94","59.85","71.14","76.93","7555"
"1057","-","-","7.63","15.99","18.93","59.80","71.07","76.86","7549"
"1056","-","5.23","-","15.98","18.91","59.74","71.01","76.79","7542"
"1055","2.16","-","7.62","15.97","18.89","59.69","70.94","76.72","7536"
"1054","-","-","-","15.96","18.88","59.63","70.88","76.65","7529"
"1053","-","5.22","7.61","15.95","18.86","59.58","70.81","76.58","7523"
"1052","-","-","-","15.94","18.84","59.52","70.75","76.51","7516"
"1051","-","5.21","7.60","15.93","18.82","59.47","70.68","76.44","7510"
"1050","-","-","-","15.92","18.81","59.41","70.62","76.37","7503"
"1049","-","-","7.59","15.91","18.79","59.36","70.55","76.30","7497"
"1048","-","5.20","-","15.90","18.77","59.31","70.49","76.23","7490"
"1047","-","-","7.58","15.89","18.76","59.25","70.42","76.16","7484"
"1046","2.15","-","-","15.88","18.74","59.20","70.36","76.09","7477"
"1045","-","5.19","7.57","15.87","18.72","59.14","70.29","76.02","7471"
"1044","-","-","-","15.86","18.71","59.09","70.23","75.95","7464"
"1043","-","-","-","15.85","18.69","59.03","70.16","75.88","7458"
"1042","-","5.18","7.56","-","18.67","58.98","70.10","75.81","7451"
"1041","-","-","-","15.84","18.66","58.92","70.03","75.74","7445"
"1040","-","5.17","7.55","15.83","18.64","58.87","69.97","75.67","7438"
"1039","-","-","-","15.82","18.62","58.82","69.90","75.60","7432"
"1038","-","-","7.54","15.81","18.61","58.76","69.84","75.53","7425"
"1037","2.14","5.16","-","15.80","18.59","58.71","69.77","75.45","7419"
"1036","-","-","7.53","15.79","18.57","58.65","69.71","75.38","7412"
"1035","-","-","-","15.78","18.56","58.60","69.64","75.31","7406"
"1034","-","5.15","7.52","15.77","18.54","58.54","69.58","75.24","7399"
"1033","-","-","-","15.76","18.52","58.49","69.51","75.17","7393"
"1032","-","5.14","7.51","15.75","18.51","58.43","69.45","75.10","7386"
"1031","-","-","-","15.74","18.49","58.38","69.38","75.03","7380"
"1030","-","-","-","15.73","18.47","58.33","69.32","74.96","7373"
"1029","-","5.13","7.50","15.72","18.46","58.27","69.25","74.89","7367"
"1028","2.13","-","-","15.71","18.44","58.22","69.19","74.82","7360"
"1027","-","-","7.49","15.70","18.42","58.16","69.12","74.75","7354"
"1026","-","5.12","-","15.69","18.41","58.11","69.05","74.68","7347"
"1025","-","-","7.48","15.68","18.39","58.05","68.99","74.61","7341"
"1024","-","-","-","15.67","18.37","58.00","68.92","74.54","7334"
"1023","-","5.11","7.47","-","18.35","57.94","68.86","74.47","7328"
"1022","-","-","-","15.66","18.34","57.89","68.79","74.40","7321"
"1021","-","5.10","7.46","15.65","18.32","57.83","68.73","74.33","7315"
"1020","-","-","-","15.64","18.30","57.78","68.66","74.26","7308"
"1019","2.12","-","7.45","15.63","18.29","57.73","68.60","74.19","7302"
"1018","-","5.09","-","15.62","18.27","57.67","68.53","74.12","7295"
"1017","-","-","-","15.61","18.25","57.62","68.47","74.05","7288"
"1016","-","-","7.44","15.60","18.24","57.56","68.40","73.98","7282"
"1015","-","5.08","-","15.59","18.22","57.51","68.34","73.91","7275"
"1014","-","-","7.43","15.58","18.20","57.45","68.27","73.83","7269"
"1013","-","5.07","-","15.57","18.19","57.40","68.21","73.76","7262"
"1012","-","-","7.42","15.56","18.17","57.34","68.14","73.69","7256"
"1011","2.11","-","-","15.55","18.15","57.29","68.08","73.62","7249"
"1010","-","5.06","7.41","15.54","18.14","57.24","68.01","73.55","7243"
"1009","-","-","-","15.53","18.12","57.18","67.95","73.48","7236"
"1008","-","-","7.40","15.52","18.10","57.13","67.88","73.41","7230"
"1007","-","5.05","-","15.51","18.09","57.07","67.82","73.34","7223"
"1006","-","-","7.39","15.50","18.07","57.02","67.75","73.27","7217"
"1005","-","-","-","15.49","18.05","56.96","67.69","73.20","7210"
"1004","-","5.04","7.38","15.48","18.04","56.91","67.62","73.13","7204"
"1003","-","-","-","-","18.02","56.85","67.56","73.06","7197"
"1002","2.10","5.03","-","15.47","18.00","56.80","67.49","72.99","7191"
"1001","-","-","7.37","15.46","17.99","56.75","67.43","72.92","7184"
"1000","-","-","-","15.45","17.97","56.69","67.36","72.85","7178"
"999","-","5.02","7.36","15.44","17.95","56.64","67.30","72.78","7171"
"998","-","-","-","15.43","17.93","56.58","67.23","72.71","7165"
"997","-","-","7.35","15.42","17.92","56.53","67.17","72.64","7158"
"996","-","5.01","-","15.41","17.90","56.47","67.10","72.57","7151"
"995","-","-","7.34","15.40","17.88","56.42","67.04","72.50","7145"
"994","-","5.00","-","15.39","17.87","56.36","66.97","72.43","7138"
"993","2.09","-","7.33","15.38","17.85","56.31","66.91","72.36","7132"
"992","-","-","-","15.37","17.83","56.25","66.84","72.28","7125"
"991","-","4.99","7.32","15.36","17.82","56.20","66.77","72.21","7119"
"990","-","-","-","15.35","17.80","56.15","66.71","72.14","7112"
"989","-","-","7.31","15.34","17.78","56.09","66.64","72.07","7106"
"988","-","4.98","-","15.33","17.77","56.04","66.58","72.00","7099"
"987","-","-","-","15.32","17.75","55.98","66.51","71.93","7093"
"986","-","4.97","7.30","15.31","17.73","55.93","66.45","71.86","7086"
"985","-","-","-","15.30","17.72","55.87","66.38","71.79","7080"
"984","2.08","-","7.29","15.29","17.70","55.82","66.32","71.72","7073"
"983","-","4.96","-","-","17.68","55.76","66.25","71.65","7067"
"982","-","-","7.28","15.28","17.67","55.71","66.19","71.58","7060"
"981","-","-","-","15.27","17.65","55.65","66.12","71.51","7053"
"980","-","4.95","7.27","15.26","17.63","55.60","66.06","71.44","7047"
"979","-","-","-","15.25","17.62","55.55","65.99","71.37","7040"
"978","-","-","7.26","15.24","17.60","55.49","65.93","71.30","7034"
"977","-","4.94","-","15.23","17.58","55.44","65.86","71.23","7027"
"976","-","-","7.25","15.22","17.56","55.38","65.80","71.16","7021"
"975","2.07","4.93","-","15.21","17.55","55.33","65.73","71.09","7014"
"974","-","-","-","15.20","17.53","55.27","65.67","71.02","7008"
"973","-","-","7.24","15.19","17.51","55.22","65.60","70.95","7001"
"972","-","4.92","-","15.18","17.50","55.16","65.54","70.87","6995"
"971","-","-","7.23","15.17","17.48","55.11","65.47","70.80","6988"
"970","-","-","-","15.16","17.46","55.05","65.41","70.73","6981"
"969","-","4.91","7.22","15.15","17.45","55.00","65.34","70.66","6975"
"968","-","-","-","15.14","17.43","54.95","65.28","70.59","6968"
"967","2.06","4.90","7.21","15.13","17.41","54.89","65.21","70.52","6962"
"966","-","-","-","15.12","17.40","54.84","65.14","70.45","6955"
"965","-","-","7.20","15.11","17.38","54.78","65.08","70.38","6949"
"964","-","4.89","-","15.10","17.36","54.73","65.01","70.31","6942"
"963","-","-","7.19","15.09","17.35","54.67","64.95","70.24","6936"
"962","-","-","-","15.08","17.33","54.62","64.88","70.17","6929"
"961","-","4.88","7.18","-","17.31","54.56","64.82","70.10","6923"
"960","-","-","-","15.07","17.30","54.51","64.75","70.03","6916"
"959","-","4.87","-","15.06","17.28","54.45","64.69","69.96","6909"
"958","2.05","-","7.17","15.05","17.26","54.40","64.62","69.89","6903"
"957","-","-","-","15.04","17.25","54.35","64.56","69.82","6896"
"956","-","4.86","7.16","15.03","17.23","54.29","64.49","69.75","6890"
"955","-","-","-","15.02","17.21","54.24","64.43","69.68","6883"
"954","-","-","7.15","15.01","17.20","54.18","64.36","69.61","6877"
"953","-","4.85","-","15.00","17.18","54.13","64.30","69.53","6870"
"952","-","-","7.14","14.99","17.16","54.07","64.23","69.46","6864"
"951","-","4.84","-","14.98","17.14","54.02","64.17","69.39","6857"
"950","-","-","7.13","14.97","17.13","53.96","64.10","69.32","6850"
"949","2.04","-","-","14.96","17.11","53.91","64.04","69.25","6844"
"948","-","4.83","7.12","14.95","17.09","53.85","63.97","69.18","6837"
"947","-","-","-","14.94","17.08","53.80","63.91","69.11","6831"
"946","-","-","7.11","14.93","17.06","53.75","63.84","69.04","6824"
"945","-","4.82","-","14.92","17.04","53.69","63.78","68.97","6818"
"944","-","-","-","14.91","17.03","53.64","63.71","68.90","6811"
"943","-","-","7.10","14.90","17.01","53.58","63.64","68.83","6805"
"942","-","4.81","-","14.89","16.99","53.53","63.58","68.76","6798"
"941","-","-","7.09","14.88","16.98","53.47","63.51","68.69","6791"
"940","2.03","4.80","-","14.87","16.96","53.42","63.45","68.62","6785"
"939","-","-","7.08","-","16.94","53.36","63.38","68.55","6778"
"938","-","-","-","14.86","16.93","53.31","63.32","68.48","6772"
"937","-","4.79","7.07","14.85","16.91","53.25","63.25","68.41","6765"
"936","-","-","-","14.84","16.89","53.20","63.19","68.34","6759"
"935","-","-","7.06","14.83","16.88","53.14","63.12","68.26","6752"
"934","-","4.78","-","14.82","16.86","53.09","63.06","68.19","6745"
"933","-","-","7.05","14.81","16.84","53.04","62.99","68.12","6739"
"932","2.02","4.77","-","14.80","16.82","52.98","62.93","68.05","6732"
"931","-","-","7.04","14.79","16.81","52.93","62.86","67.98","6726"
"930","-","-","-","14.78","16.79","52.87","62.80","67.91","6719"
"929","-","4.76","-","14.77","16.77","52.82","62.73","67.84","6713"
"928","-","-","7.03","14.76","16.76","52.76","62.67","67.77","6706"
"927","-","-","-","14.75","16.74","52.71","62.60","67.70","6699"
"926","-","4.75","7.02","14.74","16.72","52.65","62.54","67.63","6693"
"925","-","-","-","14.73","16.71","52.60","62.47","67.56","6686"
"924","-","4.74","7.01","14.72","16.69","52.54","62.40","67.49","6680"
"923","2.01","-","-","14.71","16.67","52.49","62.34","67.42","6673"
"922","-","-","7.00","14.70","16.66","52.44","62.27","67.35","6667"
"921","-","4.73","-","14.69","16.64","52.38","62.21","67.28","6660"
"920","-","-","6.99","14.68","16.62","52.33","62.14","67.21","6653"
"919","-","-","-","14.67","16.61","52.27","62.08","67.14","6647"
"918","-","4.72","6.98","14.66","16.59","52.22","62.01","67.06","6640"
"917","-","-","-","14.65","16.57","52.16","61.95","66.99","6634"
"916","-","4.71","6.97","-","16.56","52.11","61.88","66.92","6627"
"915","-","-","-","14.64","16.54","52.05","61.82","66.85","6621"
"914","2.00","-","-","14.63","16.52","52.00","61.75","66.78","6614"
"913","-","4.70","6.96","14.62","16.51","51.94","61.69","66.71","6607"
"912","-","-","-","14.61","16.49","51.89","61.62","66.64","6601"
"911","-","-","6.95","14.60","16.47","51.83","61.56","66.57","6594"
"910","-","4.69","-","14.59","16.45","51.78","61.49","66.50","6588"
"909","-","-","6.94","14.58","16.44","51.73","61.43","66.43","6581"
"908","-","4.68","-","14.57","16.42","51.67","61.36","66.36","6575"
"907","-","-","6.93","14.56","16.40","51.62","61.29","66.29","6568"
"906","-","-","-","14.55","16.39","51.56","61.23","66.22","6561"
"905","1.99","4.67","6.92","14.54","16.37","51.51","61.16","66.15","6555"
"904","-","-","-","14.53","16.35","51.45","61.10","66.08","6548"
"903","-","-","6.91","14.52","16.34","51.40","61.03","66.01","6542"
"902","-","4.66","-","14.51","16.32","51.34","60.97","65.93","6535"
"901","-","-","6.90","14.50","16.30","51.29","60.90","65.86","6529"
"900","-","4.65","-","14.49","16.29","51.23","60.84","65.79","6522"
"899","-","-","6.89","14.48","16.27","51.18","60.77","65.72","6515"
"898","-","-","-","14.47","16.25","51.12","60.71","65.65","6509"
"897","1.98","4.64","-","14.46","16.24","51.07","60.64","65.58","6502"
"896","-","-","6.88","14.45","16.22","51.01","60.58","65.51","6496"
"895","-","-","-","14.44","16.20","50.96","60.51","65.44","6489"
"894","-","4.63","6.87","14.43","16.19","50.91","60.45","65.37","6482"
"893","-","-","-","-","16.17","50.85","60.38","65.30","6476"
"892","-","-","6.86","14.42","16.15","50.80","60.31","65.23","6469"
"891","-","4.62","-","14.41","16.13","50.74","60.25","65.16","6463"
"890","-","-","6.85","14.40","16.12","50.69","60.18","65.09","6456"
"889","-","4.61","-","14.39","16.10","50.63","60.12","65.02","6449"
"888","1.97","-","6.84","14.38","16.08","50.58","60.05","64.95","6443"
"887","-","-","-","14.37","16.07","50.52","59.99","64.87","6436"
"886","-","4.60","6.83","14.36","16.05","50.47","59.92","64.80","6430"
"885","-","-","-","14.35","16.03","50.41","59.86","64.73","6423"
"884","-","-","6.82","14.34","16.02","50.36","59.79","64.66","6417"
"883","-","4.59","-","14.33","16.00","50.30","59.73","64.59","6410"
"882","-","-","6.81","14.32","15.98","50.25","59.66","64.52","6403"
"881","-","4.58","-","14.31","15.97","50.20","59.60","64.45","6397"
"880","-","-","-","14.30","15.95","50.14","59.53","64.38","6390"
"879","1.96","-","6.80","14.29","15.93","50.09","59.47","64.31","6384"
"878","-","4.57","-","14.28","15.92","50.03","59.40","64.24","6377"
"877","-","-","6.79","14.27","15.90","49.98","59.33","64.17","6370"
"876","-","-","-","14.26","15.88","49.92","59.27","64.10","6364"
"875","-","4.56","6.78","14.25","15.87","49.87","59.20","64.03","6357"
"874","-","-","-","14.24","15.85","49.81","59.14","63.96","6351"
"873","-","4.55","6.77","14.23","15.83","49.76","59.07","63.89","6344"
"872","-","-","-","14.22","15.81","49.70","59.01","63.81","6337"
"871","-","-","6.76","14.21","15.80","49.65","58.94","63.74","6331"
"870","1.95","4.54","-","14.20","15.78","49.59","58.88","63.67","6324"
"869","-","-","6.75","14.19","15.76","49.54","58.81","63.60","6318"
"868","-","-","-","14.18","15.75","49.48","58.75","63.53","6311"
"867","-","4.53","6.74","-","15.73","49.43","58.68","63.46","6304"
"866","-","-","-","14.17","15.71","49.37","58.62","63.39","6298"
"865","-","4.52","-","14.16","15.70","49.32","58.55","63.32","6291"
"864","-","-","6.73","14.15","15.68","49.27","58.49","63.25","6285"
"863","-","-","-","14.14","15.66","49.21","58.42","63.18","6278"
"862","1.94","4.51","6.72","14.13","15.65","49.16","58.35","63.11","6271"
"861","-","-","-","14.12","15.63","49.10","58.29","63.04","6265"
"860","-","-","6.71","14.11","15.61","49.05","58.22","62.97","6258"
"859","-","4.50","-","14.10","15.60","48.99","58.16","62.90","6251"
"858","-","-","6.70","14.09","15.58","48.94","58.09","62.83","6245"
"857","-","4.49","-","14.08","15.56","48.88","58.03","62.75","6238"
"856","-","-","6.69","14.07","15.54","48.83","57.96","62.68","6232"
"855","-","-","-","14.06","15.53","48.77","57.90","62.61","6225"
"854","-","4.48","6.68","14.05","15.51","48.72","57.83","62.54","6218"
"853","1.93","-","-","14.04","15.49","48.66","57.77","62.47","6212"
"852","-","-","6.67","14.03","15.48","48.61","57.70","62.40","6205"
"851","-","4.47","-","14.02","15.46","48.55","57.64","62.33","6199"
"850","-","-","6.66","14.01","15.44","48.50","57.57","62.26","6192"
"849","-","4.46","-","14.00","15.43","48.45","57.50","62.19","6185"
"848","-","-","-","13.99","15.41","48.39","57.44","62.12","6179"
"847","-","-","6.65","13.98","15.39","48.34","57.37","62.05","6172"
"846","-","4.45","-","13.97","15.38","48.28","57.31","61.98","6166"
"845","-","-","6.64","13.96","15.36","48.23","57.24","61.91","6159"
"844","1.92","-","-","13.95","15.34","48.17","57.18","61.84","6152"
"843","-","4.44","6.63","13.94","15.33","48.12","57.11","61.76","6146"
"842","-","-","-","13.93","15.31","48.06","57.05","61.69","6139"
"841","-","4.43","6.62","-","15.29","48.01","56.98","61.62","6132"
"840","-","-","-","13.92","15.27","47.95","56.92","61.55","6126"
"839","-","-","6.61","13.91","15.26","47.90","56.85","61.48","6119"
"838","-","4.42","-","13.90","15.24","47.84","56.78","61.41","6113"
"837","-","-","6.60","13.89","15.22","47.79","56.72","61.34","6106"
"836","1.91","-","-","13.88","15.21","47.73","56.65","61.27","6099"
"835","-","4.41","6.59","13.87","15.19","47.68","56.59","61.20","6093"
"834","-","-","-","13.86","15.17","47.62","56.52","61.13","6086"
"833","-","4.40","6.58","13.85","15.16","47.57","56.46","61.06","6080"
"832","-","-","-","13.84","15.14","47.52","56.39","60.99","6073"
"831","-","-","-","13.83","15.12","47.46","56.33","60.92","6066"
"830","-","4.39","6.57","13.82","15.11","47.41","56.26","60.84","6060"
"829","-","-","-","13.81","15.09","47.35","56.20","60.77","6053"
"828","-","-","6.56","13.80","15.07","47.30","56.13","60.70","6046"
"827","1.90","4.38","-","13.79","15.06","47.24","56.07","60.63","6040"
"826","-","-","6.55","13.78","15.04","47.19","56.00","60.56","6033"
"825","-","4.37","-","13.77","15.02","47.13","55.93","60.49","6027"
"824","-","-","6.54","13.76","15.01","47.08","55.87","60.42","6020"
"823","-","-","-","13.75","14.99","47.02","55.80","60.35","6013"
"822","-","4.36","6.53","13.74","14.97","46.97","55.74","60.28","6007"
"821","-","-","-","13.73","14.95","46.91","55.67","60.21","6000"
"820","-","-","6.52","13.72","14.94","46.86","55.61","60.14","5993"
"819","-","4.35","-","13.71","14.92","46.80","55.54","60.07","5987"
"818","1.89","-","6.51","13.70","14.90","46.75","55.48","60.00","5980"
"817","-","4.34","-","13.69","14.89","46.69","55.41","59.92","5973"
"816","-","-","6.50","13.68","14.87","46.64","55.35","59.85","5967"
"815","-","-","-","13.67","14.85","46.58","55.28","59.78","5960"
"814","-","4.33","6.49","13.66","14.84","46.53","55.21","59.71","5954"
"813","-","-","-","-","14.82","46.48","55.15","59.64","5947"
"812","-","-","-","13.65","14.80","46.42","55.08","59.57","5940"
"811","-","4.32","6.48","13.64","14.79","46.37","55.02","59.50","5934"
"810","1.88","-","-","13.63","14.77","46.31","54.95","59.43","5927"
"809","-","4.31","6.47","13.62","14.75","46.26","54.89","59.36","5920"
"808","-","-","-","13.61","14.74","46.20","54.82","59.29","5914"
"807","-","-","6.46","13.60","14.72","46.15","54.76","59.22","5907"
"806","-","4.30","-","13.59","14.70","46.09","54.69","59.15","5901"
"805","-","-","6.45","13.58","14.68","46.04","54.63","59.08","5894"
"804","-","-","-","13.57","14.67","45.98","54.56","59.00","5887"
"803","-","4.29","6.44","13.56","14.65","45.93","54.49","58.93","5881"
"802","-","-","-","13.55","14.63","45.87","54.43","58.86","5874"
"801","1.87","4.28","6.43","13.54","14.62","45.82","54.36","58.79","5867"
"800","-","-","-","13.53","14.60","45.76","54.30","58.72","5861"
"799","-","-","6.42","13.52","14.58","45.71","54.23","58.65","5854"
"798","-","4.27","-","13.51","14.57","45.65","54.17","58.58","5847"
"797","-","-","6.41","13.50","14.55","45.60","54.10","58.51","5841"
"796","-","-","-","13.49","14.53","45.54","54.04","58.44","5834"
"795","-","4.26","-","13.48","14.52","45.49","53.97","58.37","5827"
"794","-","-","6.40","13.47","14.50","45.43","53.91","58.30","5821"
"793","-","4.25","-","13.46","14.48","45.38","53.84","58.23","5814"
"792","1.86","-","6.39","13.45","14.46","45.32","53.77","58.15","5808"
"791","-","-","-","13.44","14.45","45.27","53.71","58.08","5801"
"790","-","4.24","6.38","13.43","14.43","45.22","53.64","58.01","5794"
"789","-","-","-","13.42","14.41","45.16","53.58","57.94","5788"
"788","-","4.23","6.37","13.41","14.40","45.11","53.51","57.87","5781"
"787","-","-","-","13.40","14.38","45.05","53.45","57.80","5774"
"786","-","-","6.36","13.39","14.36","45.00","53.38","57.73","5768"
"785","-","4.22","-","13.38","14.35","44.94","53.32","57.66","5761"
"784","1.85","-","6.35","13.37","14.33","44.89","53.25","57.59","5754"
"783","-","-","-","13.36","14.31","44.83","53.18","57.52","5748"
"782","-","4.21","6.34","-","14.30","44.78","53.12","57.45","5741"
"781","-","-","-","13.35","14.28","44.72","53.05","57.38","5734"
"780","-","4.20","6.33","13.34","14.26","44.67","52.99","57.30","5728"
"779","-","-","-","13.33","14.25","44.61","52.92","57.23","5721"
"778","-","-","6.32","13.32","14.23","44.56","52.86","57.16","5714"
"777","-","4.19","-","13.31","14.21","44.50","52.79","57.09","5708"
"776","-","-","-","13.30","14.19","44.45","52.73","57.02","5701"
"775","1.84","-","6.31","13.29","14.18","44.39","52.66","56.95","5694"
"774","-","4.18","-","13.28","14.16","44.34","52.60","56.88","5688"
"773","-","-","6.30","13.27","14.14","44.28","52.53","56.81","5681"
"772","-","4.17","-","13.26","14.13","44.23","52.46","56.74","5675"
"771","-","-","6.29","13.25","14.11","44.17","52.40","56.67","5668"
"770","-","-","-","13.24","14.09","44.12","52.33","56.60","5661"
"769","-","4.16","6.28","13.23","14.08","44.06","52.27","56.53","5655"
"768","-","-","-","13.22","14.06","44.01","52.20","56.45","5648"
"767","-","-","6.27","13.21","14.04","43.96","52.14","56.38","5641"
"766","1.83","4.15","-","13.20","14.03","43.90","52.07","56.31","5635"
"765","-","-","6.26","13.19","14.01","43.85","52.01","56.24","5628"
"764","-","4.14","-","13.18","13.99","43.79","51.94","56.17","5621"
"763","-","-","6.25","13.17","13.98","43.74","51.87","56.10","5615"
"762","-","-","-","13.16","13.96","43.68","51.81","56.03","5608"
"761","-","4.13","6.24","13.15","13.94","43.63","51.74","55.96","5601"
"760","-","-","-","13.14","13.92","43.57","51.68","55.89","5595"
"759","-","-","6.23","13.13","13.91","43.52","51.61","55.82","5588"
"758","1.82","4.12","-","13.12","13.89","43.46","51.55","55.75","5581"
"757","-","-","-","13.11","13.87","43.41","51.48","55.67","5575"
"756","-","4.11","6.22","13.10","13.86","43.35","51.42","55.60","5568"
"755","-","-","-","13.09","13.84","43.30","51.35","55.53","5561"
"754","-","-","6.21","13.08","13.82","43.24","51.28","55.46","5555"
"753","-","4.10","-","13.07","13.81","43.19","51.22","55.39","5548"
"752","-","-","6.20","13.06","13.79","43.13","51.15","55.32","5541"
"751","-","-","-","13.05","13.77","43.08","51.09","55.25","5535"
"750","-","4.09","6.19","13.04","13.76","43.02","51.02","55.18","5528"
"749","1.81","-","-","-","13.74","42.97","50.96","55.11","5521"
"748","-","4.08","6.18","13.03","13.72","42.91","50.89","55.04","5515"
"747","-","-","-","13.02","13.70","42.86","50.83","54.97","5508"
"746","-","-","6.17","13.01","13.69","42.80","50.76","54.90","5501"
"745","-","4.07","-","13.00","13.67","42.75","50.69","54.82","5495"
"744","-","-","6.16","12.99","13.65","42.69","50.63","54.75","5488"
"743","-","-","-","12.98","13.64","42.64","50.56","54.68","5481"
"742","-","4.06","6.15","12.97","13.62","42.58","50.50","54.61","5475"
"741","1.80","-","-","12.96","13.60","42.53","50.43","54.54","5468"
"740","-","4.05","6.14","12.95","13.59","42.47","50.37","54.47","5461"
"739","-","-","-","12.94","13.57","42.42","50.30","54.40","5455"
"738","-","-","6.13","12.93","13.55","42.36","50.24","54.33","5448"
"737","-","4.04","-","12.92","13.54","42.31","50.17","54.26","5441"
"736","-","-","-","12.91","13.52","42.26","50.10","54.19","5434"
"735","-","4.03","6.12","12.90","13.50","42.20","50.04","54.12","5428"
"734","-","-","-","12.89","13.48","42.15","49.97","54.04","5421"
"733","-","-","6.11","12.88","13.47","42.09","49.91","53.97","5414"
"732","1.79","4.02","-","12.87","13.45","42.04","49.84","53.90","5408"
"731","-","-","6.10","12.86","13.43","41.98","49.78","53.83","5401"
"730","-","-","-","12.85","13.42","41.93","49.71","53.76","5394"
"729","-","4.01","6.09","12.84","13.40","41.87","49.65","53.69","5388"
"728","-","-","-","12.83","13.38","41.82","49.58","53.62","5381"
"727","-","4.00","6.08","12.82","13.37","41.76","49.51","53.55","5374"
"726","-","-","-","12.81","13.35","41.71","49.45","53.48","5368"
"725","-","-","6.07","12.80","13.33","41.65","49.38","53.41","5361"
"724","-","3.99","-","12.79","13.32","41.60","49.32","53.34","5354"
"723","1.78","-","6.06","12.78","13.30","41.54","49.25","53.26","5348"
"722","-","-","-","12.77","13.28","41.49","49.19","53.19","5341"
"721","-","3.98","6.05","12.76","13.27","41.43","49.12","53.12","5334"
"720","-","-","-","12.75","13.25","41.38","49.06","53.05","5328"
"719","-","3.97","6.04","12.74","13.23","41.32","48.99","52.98","5321"
"718","-","-","-","12.73","13.21","41.27","48.92","52.91","5314"
"717","-","-","6.03","12.72","13.20","41.21","48.86","52.84","5308"
"716","-","3.96","-","12.71","13.18","41.16","48.79","52.77","5301"
"715","1.77","-","-","12.70","13.16","41.10","48.73","52.70","5294"
"714","-","-","6.02","12.69","13.15","41.05","48.66","52.63","5287"
"713","-","3.95","-","-","13.13","40.99","48.60","52.55","5281"
"712","-","-","6.01","12.68","13.11","40.94","48.53","52.48","5274"
"711","-","3.94","-","12.67","13.10","40.88","48.46","52.41","5267"
"710","-","-","6.00","12.66","13.08","40.83","48.40","52.34","5261"
"709","-","-","-","12.65","13.06","40.77","48.33","52.27","5254"
"708","-","3.93","5.99","12.64","13.05","40.72","48.27","52.20","5247"
"707","-","-","-","12.63","13.03","40.66","48.20","52.13","5241"
"706","1.76","3.92","5.98","12.62","13.01","40.61","48.14","52.06","5234"
"705","-","-","-","12.61","12.99","40.55","48.07","51.99","5227"
"704","-","-","5.97","12.60","12.98","40.50","48.01","51.92","5221"
"703","-","3.91","-","12.59","12.96","40.44","47.94","51.85","5214"
"702","-","-","5.96","12.58","12.94","40.39","47.87","51.77","5207"
"701","-","-","-","12.57","12.93","40.33","47.81","51.70","5200"
"700","-","3.90","5.95","12.56","12.91","40.28","47.74","51.63","5194"
"699","-","-","-","12.55","12.89","40.22","47.68","51.56","5187"
"698","1.75","3.89","5.94","12.54","12.88","40.17","47.61","51.49","5180"
"697","-","-","-","12.53","12.86","40.12","47.55","51.42","5174"
"696","-","-","5.93","12.52","12.84","40.06","47.48","51.35","5167"
"695","-","3.88","-","12.51","12.83","40.01","47.41","51.28","5160"
"694","-","-","-","12.50","12.81","39.95","47.35","51.21","5154"
"693","-","-","5.92","12.49","12.79","39.90","47.28","51.14","5147"
"692","-","3.87","-","12.48","12.77","39.84","47.22","51.06","5140"
"691","-","-","5.91","12.47","12.76","39.79","47.15","50.99","5133"
"690","-","3.86","-","12.46","12.74","39.73","47.09","50.92","5127"
"689","1.74","-","5.90","12.45","12.72","39.68","47.02","50.85","5120"
"688","-","-","-","12.44","12.71","39.62","46.96","50.78","5113"
"687","-","3.85","5.89","12.43","12.69","39.57","46.89","50.71","5107"
"686","-","-","-","12.42","12.67","39.51","46.82","50.64","5100"
"685","-","-","5.88","12.41","12.66","39.46","46.76","50.57","5093"
"684","-","3.84","-","12.40","12.64","39.40","46.69","50.50","5086"
"683","-","-","5.87","12.39","12.62","39.35","46.63","50.43","5080"
"682","-","3.83","-","12.38","12.61","39.29","46.56","50.35","5073"
"681","-","-","5.86","12.37","12.59","39.24","46.50","50.28","5066"
"680","1.73","-","-","12.36","12.57","39.18","46.43","50.21","5060"
"679","-","3.82","5.85","12.35","12.55","39.13","46.36","50.14","5053"
"678","-","-","-","12.34","12.54","39.07","46.30","50.07","5046"
"677","-","3.81","5.84","12.33","12.52","39.02","46.23","50.00","5039"
"676","-","-","-","12.32","12.50","38.96","46.17","49.93","5033"
"675","-","-","5.83","12.31","12.49","38.91","46.10","49.86","5026"
"674","-","3.80","-","12.30","12.47","38.85","46.04","49.79","5019"
"673","-","-","-","12.29","12.45","38.80","45.97","49.72","5013"
"672","1.72","-","5.82","12.28","12.44","38.74","45.90","49.64","5006"
"671","-","3.79","-","-","12.42","38.69","45.84","49.57","4999"
"670","-","-","5.81","12.27","12.40","38.63","45.77","49.50","4992"
"669","-","3.78","-","12.26","12.38","38.58","45.71","49.43","4986"
"668","-","-","5.80","12.25","12.37","38.52","45.64","49.36","4979"
"667","-","-","-","12.24","12.35","38.47","45.58","49.29","4972"
"666","-","3.77","5.79","12.23","12.33","38.41","45.51","49.22","4966"
"665","-","-","-","12.22","12.32","38.36","45.44","49.15","4959"
"664","-","-","5.78","12.21","12.30","38.30","45.38","49.08","4952"
"663","1.71","3.76","-","12.20","12.28","38.25","45.31","49.00","4945"
"662","-","-","5.77","12.19","12.27","38.19","45.25","48.93","4939"
"661","-","3.75","-","12.18","12.25","38.14","45.18","48.86","4932"
"660","-","-","5.76","12.17","12.23","38.08","45.12","48.79","4925"
"659","-","-","-","12.16","12.22","38.03","45.05","48.72","4919"
"658","-","3.74","5.75","12.15","12.20","37.97","44.98","48.65","4912"
"657","-","-","-","12.14","12.18","37.92","44.92","48.58","4905"
"656","-","3.73","5.74","12.13","12.16","37.86","44.85","48.51","4898"
"655","1.70","-","-","12.12","12.15","37.81","44.79","48.44","4892"
"654","-","-","5.73","12.11","12.13","37.75","44.72","48.37","4885"
"653","-","3.72","-","12.10","12.11","37.70","44.66","48.29","4878"
"652","-","-","5.72","12.09","12.10","37.64","44.59","48.22","4871"
"651","-","-","-","12.08","12.08","37.59","44.52","48.15","4865"
"650","-","3.71","-","12.07","12.06","37.53","44.46","48.08","4858"
"649","-","-","5.71","12.06","12.05","37.48","44.39","48.01","4851"
"648","-","3.70","-","12.05","12.03","37.42","44.33","47.94","4845"
"647","-","-","5.70","12.04","12.01","37.37","44.26","47.87","4838"
"646","1.69","-","-","12.03","12.00","37.31","44.20","47.80","4831"
"645","-","3.69","5.69","12.02","11.98","37.26","44.13","47.73","4824"
"644","-","-","-","12.01","11.96","37.20","44.06","47.65","4818"
"643","-","-","5.68","12.00","11.94","37.15","44.00","47.58","4811"
"642","-","3.68","-","11.99","11.93","37.09","43.93","47.51","4804"
"641","-","-","5.67","11.98","11.91","37.04","43.87","47.44","4797"
"640","-","3.67","-","11.97","11.89","36.98","43.80","47.37","4791"
"639","-","-","5.66","11.96","11.88","36.93","43.74","47.30","4784"
"638","1.68","-","-","11.95","11.86","36.87","43.67","47.23","4777"
"637","-","3.66","5.65","11.94","11.84","36.82","43.60","47.16","4771"
"636","-","-","-","11.93","11.83","36.76","43.54","47.09","4764"
"635","-","3.65","5.64","11.92","11.81","36.71","43.47","47.02","4757"
"634","-","-","-","11.91","11.79","36.65","43.41","46.94","4750"
"633","-","-","5.63","11.90","11.77","36.60","43.34","46.87","4744"
"632","-","3.64","-","11.89","11.76","36.54","43.28","46.80","4737"
"631","-","-","5.62","11.88","11.74","36.49","43.21","46.73","4730"
"630","-","-","-","11.87","11.72","36.43","43.14","46.66","4723"
"629","1.67","3.63","5.61","11.86","11.71","36.38","43.08","46.59","4717"
"628","-","-","-","11.85","11.69","36.32","43.01","46.52","4710"
"627","-","3.62","5.60","11.84","11.67","36.27","42.95","46.45","4703"
"626","-","-","-","11.83","11.66","36.21","42.88","46.38","4696"
"625","-","-","-","11.82","11.64","36.16","42.82","46.30","4690"
"624","-","3.61","5.59","11.81","11.62","36.10","42.75","46.23","4683"
"623","-","-","-","11.80","11.61","36.05","42.68","46.16","4676"
"622","-","3.60","5.58","-","11.59","35.99","42.62","46.09","4669"
"621","1.66","-","-","11.79","11.57","35.94","42.55","46.02","4663"
"620","-","-","5.57","11.78","11.55","35.88","42.49","45.95","4656"
"619","-","3.59","-","11.77","11.54","35.83","42.42","45.88","4649"
"618","-","-","5.56","11.76","11.52","35.77","42.36","45.81","4642"
"617","-","-","-","11.75","11.50","35.72","42.29","45.74","4636"
"616","-","3.58","5.55","11.74","11.49","35.66","42.22","45.66","4629"
"615","-","-","-","11.73","11.47","35.61","42.16","45.59","4622"
"614","-","3.57","5.54","11.72","11.45","35.55","42.09","45.52","4615"
"613","-","-","-","11.71","11.44","35.50","42.03","45.45","4609"
"612","1.65","-","5.53","11.70","11.42","35.44","41.96","45.38","4602"
"611","-","3.56","-","11.69","11.40","35.39","41.90","45.31","4595"
"610","-","-","5.52","11.68","11.39","35.33","41.83","45.24","4588"
"609","-","-","-","11.67","11.37","35.28","41.76","45.17","4582"
"608","-","3.55","5.51","11.66","11.35","35.22","41.70","45.10","4575"
"607","-","-","-","11.65","11.33","35.17","41.63","45.02","4568"
"606","-","3.54","5.50","11.64","11.32","35.11","41.57","44.95","4561"
"605","-","-","-","11.63","11.30","35.06","41.50","44.88","4555"
"604","1.64","-","5.49","11.62","11.28","35.00","41.43","44.81","4548"
"603","-","3.53","-","11.61","11.27","34.95","41.37","44.74","4541"
"602","-","-","5.48","11.60","11.25","34.89","41.30","44.67","4534"
"601","-","3.52","-","11.59","11.23","34.84","41.24","44.60","4528"
"600","-","-","-","11.58","11.22","34.78","41.17","44.53","4521"
"599","-","-","5.47","11.57","11.20","34.73","41.11","44.45","4514"
"598","-","3.51","-","11.56","11.18","34.67","41.04","44.38","4507"
"597","-","-","5.46","11.55","11.16","34.62","40.97","44.31","4501"
"596","-","-","-","11.54","11.15","34.56","40.91","44.24","4494"
"595","1.63","3.50","5.45","11.53","11.13","34.51","40.84","44.17","4487"
"594","-","-","-","11.52","11.11","34.45","40.78","44.10","4480"
"593","-","3.49","5.44","11.51","11.10","34.40","40.71","44.03","4474"
"592","-","-","-","11.50","11.08","34.34","40.65","43.96","4467"
"591","-","-","5.43","11.49","11.06","34.29","40.58","43.89","4460"
"590","-","3.48","-","11.48","11.05","34.23","40.51","43.81","4453"
"589","-","-","5.42","11.47","11.03","34.18","40.45","43.74","4446"
"588","-","3.47","-","11.46","11.01","34.12","40.38","43.67","4440"
"587","1.62","-","5.41","11.45","10.99","34.07","40.32","43.60","4433"
"586","-","-","-","11.44","10.98","34.01","40.25","43.53","4426"
"585","-","3.46","5.40","11.43","10.96","33.96","40.18","43.46","4419"
"584","-","-","-","11.42","10.94","33.90","40.12","43.39","4413"
"583","-","-","5.39","11.41","10.93","33.85","40.05","43.32","4406"
"582","-","3.45","-","11.40","10.91","33.79","39.99","43.24","4399"
"581","-","-","5.38","11.39","10.89","33.74","39.92","43.17","4392"
"580","-","3.44","-","11.38","10.88","33.68","39.86","43.10","4386"
"579","-","-","5.37","11.37","10.86","33.63","39.79","43.03","4379"
"578","1.61","-","-","11.36","10.84","33.57","39.72","42.96","4372"
"577","-","3.43","5.36","11.35","10.83","33.52","39.66","42.89","4365"
"576","-","-","-","11.34","10.81","33.46","39.59","42.82","4358"
"575","-","3.42","5.35","11.33","10.79","33.41","39.53","42.75","4352"
"574","-","-","-","11.32","10.77","33.35","39.46","42.68","4345"
"573","-","-","5.34","11.31","10.76","33.30","39.39","42.60","4338"
"572","-","3.41","-","11.30","10.74","33.24","39.33","42.53","4331"
"571","-","-","-","11.29","10.72","33.19","39.26","42.46","4325"
"570","1.60","-","5.33","11.28","10.71","33.13","39.20","42.39","4318"
"569","-","3.40","-","11.27","10.69","33.08","39.13","42.32","4311"
"568","-","-","5.32","11.26","10.67","33.02","39.07","42.25","4304"
"567","-","3.39","-","11.25","10.66","32.97","39.00","42.18","4298"
"566","-","-","5.31","11.24","10.64","32.91","38.93","42.11","4291"
"565","-","-","-","11.23","10.62","32.86","38.87","42.03","4284"
"564","-","3.38","5.30","11.22","10.60","32.80","38.80","41.96","4277"
"563","-","-","-","11.21","10.59","32.75","38.74","41.89","4270"
"562","-","3.37","5.29","11.20","10.57","32.69","38.67","41.82","4264"
"561","1.59","-","-","11.19","10.55","32.64","38.60","41.75","4257"
"560","-","-","5.28","11.18","10.54","32.58","38.54","41.68","4250"
"559","-","3.36","-","11.17","10.52","32.53","38.47","41.61","4243"
"558","-","-","5.27","11.16","10.50","32.47","38.41","41.54","4236"
"557","-","-","-","11.15","10.49","32.42","38.34","41.46","4230"
"556","-","3.35","5.26","11.14","10.47","32.36","38.28","41.39","4223"
"555","-","-","-","-","10.45","32.31","38.21","41.32","4216"
"554","-","3.34","5.25","11.13","10.43","32.25","38.14","41.25","4209"
"553","1.58","-","-","11.12","10.42","32.20","38.08","41.18","4203"
"552","-","-","5.24","11.11","10.40","32.14","38.01","41.11","4196"
"551","-","3.33","-","11.10","10.38","32.08","37.95","41.04","4189"
"550","-","-","5.23","11.09","10.37","32.03","37.88","40.97","4182"
"549","-","3.32","-","11.08","10.35","31.97","37.81","40.90","4175"
"548","-","-","5.22","11.07","10.33","31.92","37.75","40.82","4169"
"547","-","-","-","11.06","10.32","31.86","37.68","40.75","4162"
"546","-","3.31","5.21","11.05","10.30","31.81","37.62","40.68","4155"
"545","-","-","-","11.04","10.28","31.75","37.55","40.61","4148"
"544","1.57","-","5.20","11.03","10.26","31.70","37.48","40.54","4141"
"543","-","3.30","-","11.02","10.25","31.64","37.42","40.47","4135"
"542","-","-","-","11.01","10.23","31.59","37.35","40.40","4128"
"541","-","3.29","5.19","11.00","10.21","31.53","37.29","40.33","4121"
"540","-","-","-","10.99","10.20","31.48","37.22","40.25","4114"
"539","-","-","5.18","10.98","10.18","31.42","37.16","40.18","4107"
"538","-","3.28","-","10.97","10.16","31.37","37.09","40.11","4101"
"537","-","-","5.17","10.96","10.15","31.31","37.02","40.04","4094"
"536","1.56","3.27","-","10.95","10.13","31.26","36.96","39.97","4087"
"535","-","-","5.16","10.94","10.11","31.20","36.89","39.90","4080"
"534","-","-","-","10.93","10.09","31.15","36.83","39.83","4073"
"533","-","3.26","5.15","10.92","10.08","31.09","36.76","39.76","4067"
"532","-","-","-","10.91","10.06","31.04","36.69","39.68","4060"
"531","-","-","5.14","10.90","10.04","30.98","36.63","39.61","4053"
"530","-","3.25","-","10.89","10.03","30.93","36.56","39.54","4046"
"529","-","-","5.13","10.88","10.01","30.87","36.50","39.47","4039"
"528","-","3.24","-","10.87","9.99","30.82","36.43","39.40","4033"
"527","1.55","-","5.12","10.86","9.98","30.76","36.36","39.33","4026"
"526","-","-","-","10.85","9.96","30.71","36.30","39.26","4019"
"525","-","3.23","5.11","10.84","9.94","30.65","36.23","39.18","4012"
"524","-","-","-","10.83","9.92","30.60","36.17","39.11","4005"
"523","-","3.22","5.10","10.82","9.91","30.54","36.10","39.04","3999"
"522","-","-","-","10.81","9.89","30.49","36.04","38.97","3992"
"521","-","-","5.09","10.80","9.87","30.43","35.97","38.90","3985"
"520","-","3.21","-","10.79","9.86","30.38","35.90","38.83","3978"
"519","1.54","-","5.08","10.78","9.84","30.32","35.84","38.76","3971"
"518","-","-","-","10.77","9.82","30.27","35.77","38.69","3965"
"517","-","3.20","5.07","10.76","9.81","30.21","35.71","38.61","3958"
"516","-","-","-","10.75","9.79","30.16","35.64","38.54","3951"
"515","-","3.19","5.06","10.74","9.77","30.10","35.57","38.47","3944"
"514","-","-","-","10.73","9.75","30.05","35.51","38.40","3937"
"513","-","-","5.05","10.72","9.74","29.99","35.44","38.33","3931"
"512","-","3.18","-","10.71","9.72","29.93","35.38","38.26","3924"
"511","-","-","-","10.70","9.70","29.88","35.31","38.19","3917"
"510","1.53","3.17","5.04","10.69","9.69","29.82","35.24","38.12","3910"
"509","-","-","-","10.68","9.67","29.77","35.18","38.04","3903"
"508","-","-","5.03","10.67","9.65","29.71","35.11","37.97","3897"
"507","-","3.16","-","10.66","9.64","29.66","35.05","37.90","3890"
"506","-","-","5.02","10.65","9.62","29.60","34.98","37.83","3883"
"505","-","-","-","10.64","9.60","29.55","34.91","37.76","3876"
"504","-","3.15","5.01","10.63","9.58","29.49","34.85","37.69","3869"
"503","-","-","-","10.62","9.57","29.44","34.78","37.62","3862"
"502","1.52","3.14","5.00","10.61","9.55","29.38","34.72","37.54","3856"
"501","-","-","-","10.60","9.53","29.33","34.65","37.47","3849"
"500","-","-","4.99","10.59","9.52","29.27","34.58","37.40","3842"
"499","-","3.13","-","10.58","9.50","29.22","34.52","37.33","3835"
"498","-","-","4.98","10.57","9.48","29.16","34.45","37.26","3828"
"497","-","3.12","-","10.56","9.47","29.11","34.39","37.19","3822"
"496","-","-","4.97","10.55","9.45","29.05","34.32","37.12","3815"
"495","-","-","-","10.54","9.43","29.00","34.25","37.05","3808"
"494","1.51","3.11","4.96","10.53","9.41","28.94","34.19","36.97","3801"
"493","-","-","-","10.52","9.40","28.89","34.12","36.90","3794"
"492","-","3.10","4.95","10.51","9.38","28.83","34.06","36.83","3787"
"491","-","-","-","10.50","9.36","28.78","33.99","36.76","3781"
"490","-","-","4.94","10.49","9.35","28.72","33.93","36.69","3774"
"489","-","3.09","-","10.48","9.33","28.67","33.86","36.62","3767"
"488","-","-","4.93","10.47","9.31","28.61","33.79","36.55","3760"
"487","-","-","-","10.46","9.30","28.56","33.73","36.48","3753"
"486","-","3.08","4.92","10.45","9.28","28.50","33.66","36.40","3746"
"485","1.50","-","-","10.44","9.26","28.45","33.60","36.33","3740"
"484","-","3.07","4.91","10.43","9.24","28.39","33.53","36.26","3733"
"483","-","-","-","10.42","9.23","28.33","33.46","36.19","3726"
"482","-","-","4.90","10.41","9.21","28.28","33.40","36.12","3719"
"481","-","3.06","-","10.40","9.19","28.22","33.33","36.05","3712"
"480","-","-","4.89","10.39","9.18","28.17","33.27","35.98","3705"
"479","-","3.05","-","10.38","9.16","28.11","33.20","35.90","3699"
"478","-","-","4.88","10.37","9.14","28.06","33.13","35.83","3692"
"477","1.49","-","-","10.36","9.13","28.00","33.07","35.76","3685"
"476","-","3.04","-","10.35","9.11","27.95","33.00","35.69","3678"
"475","-","-","4.87","10.34","9.09","27.89","32.94","35.62","3671"
"474","-","-","-","10.33","9.07","27.84","32.87","35.55","3664"
"473","-","3.03","4.86","10.32","9.06","27.78","32.80","35.48","3658"
"472","-","-","-","10.31","9.04","27.73","32.74","35.40","3651"
"471","-","3.02","4.85","10.30","9.02","27.67","32.67","35.33","3644"
"470","-","-","-","10.29","9.01","27.62","32.61","35.26","3637"
"469","-","-","4.84","10.28","8.99","27.56","32.54","35.19","3630"
"468","1.48","3.01","-","10.27","8.97","27.51","32.47","35.12","3623"
"467","-","-","4.83","10.26","8.96","27.45","32.41","35.05","3617"
"466","-","3.00","-","10.25","8.94","27.40","32.34","34.98","3610"
"465","-","-","4.82","10.24","8.92","27.34","32.28","34.91","3603"
"464","-","-","-","10.23","8.90","27.29","32.21","34.83","3596"
"463","-","2.99","4.81","10.22","8.89","27.23","32.14","34.76","3589"
"462","-","-","-","10.21","8.87","27.18","32.08","34.69","3582"
"461","-","2.98","4.80","10.20","8.85","27.12","32.01","34.62","3576"
"460","1.47","-","-","10.19","8.84","27.07","31.95","34.55","3569"
"459","-","-","4.79","10.18","8.82","27.01","31.88","34.48","3562"
"458","-","2.97","-","10.17","8.80","26.95","31.81","34.41","3555"
"457","-","-","4.78","10.16","8.79","26.90","31.75","34.33","3548"
"456","-","-","-","10.15","8.77","26.84","31.68","34.26","3541"
"455","-","2.96","4.77","10.14","8.75","26.79","31.62","34.19","3534"
"454","-","-","-","10.13","8.73","26.73","31.55","34.12","3528"
"453","-","2.95","4.76","10.12","8.72","26.68","31.48","34.05","3521"
"452","-","-","-","10.11","8.70","26.62","31.42","33.98","3514"
"451","1.46","-","4.75","10.10","8.68","26.57","31.35","33.91","3507"
"450","-","2.94","-","10.09","8.67","26.51","31.29","33.83","3500"
"449","-","-","4.74","10.08","8.65","26.46","31.22","33.76","3493"
"448","-","2.93","-","10.07","8.63","26.40","31.15","33.69","3487"
"447","-","-","4.73","10.06","8.62","26.35","31.09","33.62","3480"
"446","-","-","-","10.05","8.60","26.29","31.02","33.55","3473"
"445","-","2.92","4.72","10.04","8.58","26.24","30.95","33.48","3466"
"444","-","-","-","10.03","8.56","26.18","30.89","33.41","3459"
"443","1.45","2.91","4.71","10.02","8.55","26.13","30.82","33.33","3452"
"442","-","-","-","10.01","8.53","26.07","30.76","33.26","3445"
"441","-","-","4.70","10.00","8.51","26.02","30.69","33.19","3439"
"440","-","2.90","-","9.99","8.50","25.96","30.62","33.12","3432"
"439","-","-","4.69","9.98","8.48","25.91","30.56","33.05","3425"
"438","-","-","-","9.97","8.46","25.85","30.49","32.98","3418"
"437","-","2.89","-","9.96","8.44","25.79","30.43","32.91","3411"
"436","-","-","4.68","9.95","8.43","25.74","30.36","32.83","3404"
"435","1.44","2.88","-","9.94","8.41","25.68","30.29","32.76","3397"
"434","-","-","4.67","9.93","8.39","25.63","30.23","32.69","3391"
"433","-","-","-","9.92","8.38","25.57","30.16","32.62","3384"
"432","-","2.87","4.66","9.91","8.36","25.52","30.10","32.55","3377"
"431","-","-","-","9.90","8.34","25.46","30.03","32.48","3370"
"430","-","2.86","4.65","9.89","8.33","25.41","29.96","32.41","3363"
"429","-","-","-","9.88","8.31","25.35","29.90","32.33","3356"
"428","-","-","4.64","9.87","8.29","25.30","29.83","32.26","3349"
"427","-","2.85","-","9.86","8.27","25.24","29.77","32.19","3343"
"426","1.43","-","4.63","9.85","8.26","25.19","29.70","32.12","3336"
"425","-","2.84","-","9.84","8.24","25.13","29.63","32.05","3329"
"424","-","-","4.62","9.83","8.22","25.08","29.57","31.98","3322"
"423","-","-","-","9.82","8.21","25.02","29.50","31.91","3315"
"422","-","2.83","4.61","9.81","8.19","24.97","29.44","31.83","3308"
"421","-","-","-","9.80","8.17","24.91","29.37","31.76","3301"
"420","-","-","4.60","9.79","8.16","24.86","29.30","31.69","3294"
"419","-","2.82","-","9.78","8.14","24.80","29.24","31.62","3288"
"418","1.42","-","4.59","9.77","8.12","24.74","29.17","31.55","3281"
"417","-","2.81","-","9.76","8.10","24.69","29.11","31.48","3274"
"416","-","-","4.58","9.75","8.09","24.63","29.04","31.41","3267"
"415","-","-","-","9.74","8.07","24.58","28.97","31.33","3260"
"414","-","2.80","4.57","9.73","8.05","24.52","28.91","31.26","3253"
"413","-","-","-","9.72","8.04","24.47","28.84","31.19","3246"
"412","-","2.79","4.56","9.71","8.02","24.41","28.77","31.12","3239"
"411","-","-","-","9.70","8.00","24.36","28.71","31.05","3233"
"410","1.41","-","4.55","9.69","7.98","24.30","28.64","30.98","3226"
"409","-","2.78","-","9.68","7.97","24.25","28.58","30.90","3219"
"408","-","-","4.54","9.67","7.95","24.19","28.51","30.83","3212"
"407","-","2.77","-","9.66","7.93","24.14","28.44","30.76","3205"
"406","-","-","4.53","9.65","7.92","24.08","28.38","30.69","3198"
"405","-","-","-","9.64","7.90","24.03","28.31","30.62","3191"
"404","-","2.76","4.52","9.63","7.88","23.97","28.25","30.55","3184"
"403","-","-","-","9.62","7.87","23.92","28.18","30.48","3178"
"402","-","-","4.51","9.61","7.85","23.86","28.11","30.40","3171"
"401","1.40","2.75","-","9.60","7.83","23.80","28.05","30.33","3164"
"400","-","-","4.50","9.59","7.81","23.75","27.98","30.26","3157"
"399","-","2.74","-","9.58","7.80","23.69","27.92","30.19","3150"
"398","-","-","4.49","9.57","7.78","23.64","27.85","30.12","3143"
"397","-","-","-","9.56","7.76","23.58","27.78","30.05","3136"
"396","-","2.73","4.48","9.55","7.75","23.53","27.72","29.98","3129"
"395","-","-","-","9.54","7.73","23.47","27.65","29.90","3122"
"394","-","2.72","4.47","9.53","7.71","23.42","27.58","29.83","3116"
"393","1.39","-","-","9.52","7.70","23.36","27.52","29.76","3109"
"392","-","-","4.46","9.51","7.68","23.31","27.45","29.69","3102"
"391","-","2.71","-","9.50","7.66","23.25","27.39","29.62","3095"
"390","-","-","-","9.49","7.64","23.20","27.32","29.55","3088"
"389","-","2.70","4.45","9.48","7.63","23.14","27.25","29.47","3081"
"388","-","-","-","9.47","7.61","23.09","27.19","29.40","3074"
"387","-","-","4.44","9.46","7.59","23.03","27.12","29.33","3067"
"386","-","2.69","-","9.45","7.58","22.98","27.06","29.26","3060"
"385","1.38","-","4.43","9.44","7.56","22.92","26.99","29.19","3054"
"384","-","-","-","9.43","7.54","22.86","26.92","29.12","3047"
"383","-","2.68","4.42","9.42","7.52","22.81","26.86","29.05","3040"
"382","-","-","-","9.41","7.51","22.75","26.79","28.97","3033"
"381","-","2.67","4.41","9.40","7.49","22.70","26.73","28.90","3026"
"380","-","-","-","9.39","7.47","22.64","26.66","28.83","3019"
"379","-","-","4.40","9.38","7.46","22.59","26.59","28.76","3012"
"378","-","2.66","-","9.37","7.44","22.53","26.53","28.69","3005"
"377","-","-","4.39","9.36","7.42","22.48","26.46","28.62","2998"
"376","1.37","2.65","-","9.35","7.41","22.42","26.39","28.55","2992"
"375","-","-","4.38","9.34","7.39","22.37","26.33","28.47","2985"
"374","-","-","-","9.33","7.37","22.31","26.26","28.40","2978"
"373","-","2.64","4.37","9.32","7.35","22.26","26.20","28.33","2971"
"372","-","-","-","9.31","7.34","22.20","26.13","28.26","2964"
"371","-","2.63","4.36","9.30","7.32","22.15","26.06","28.19","2957"
"370","-","-","-","9.29","7.30","22.09","26.00","28.12","2950"
"369","-","-","4.35","9.28","7.29","22.03","25.93","28.04","2943"
"368","1.36","2.62","-","9.27","7.27","21.98","25.87","27.97","2936"
"367","-","-","4.34","9.26","7.25","21.92","25.80","27.90","2929"
"366","-","2.61","-","9.25","7.23","21.87","25.73","27.83","2923"
"365","-","-","4.33","9.24","7.22","21.81","25.67","27.76","2916"
"364","-","-","-","9.23","7.20","21.76","25.60","27.69","2909"
"363","-","2.60","4.32","9.22","7.18","21.70","25.53","27.61","2902"
"362","-","-","-","9.21","7.17","21.65","25.47","27.54","2895"
"361","-","-","4.31","9.20","7.15","21.59","25.40","27.47","2888"
"360","1.35","2.59","-","9.19","7.13","21.54","25.34","27.40","2881"
"359","-","-","4.30","9.18","7.12","21.48","25.27","27.33","2874"
"358","-","2.58","-","9.17","7.10","21.43","25.20","27.26","2867"
"357","-","-","4.29","9.16","7.08","21.37","25.14","27.19","2860"
"356","-","-","-","9.15","7.06","21.31","25.07","27.11","2853"
"355","-","2.57","4.28","9.14","7.05","21.26","25.00","27.04","2847"
"354","-","-","-","9.13","7.03","21.20","24.94","26.97","2840"
"353","-","2.56","4.27","9.12","7.01","21.15","24.87","26.90","2833"
"352","-","-","-","9.11","7.00","21.09","24.81","26.83","2826"
"351","1.34","-","4.26","9.10","6.98","21.04","24.74","26.76","2819"
"350","-","2.55","-","9.09","6.96","20.98","24.67","26.68","2812"
"349","-","-","4.25","9.08","6.94","20.93","24.61","26.61","2805"
"348","-","2.54","-","9.07","6.93","20.87","24.54","26.54","2798"
"347","-","-","4.24","9.06","6.91","20.82","24.48","26.47","2791"
"346","-","-","-","9.05","6.89","20.76","24.41","26.40","2784"
"345","-","2.53","4.23","9.04","6.88","20.71","24.34","26.33","2777"
"344","-","-","-","9.03","6.86","20.65","24.28","26.25","2770"
"343","1.33","2.52","4.22","9.02","6.84","20.60","24.21","26.18","2764"
"342","-","-","-","9.01","6.82","20.54","24.14","26.11","2757"
"341","-","-","4.21","9.00","6.81","20.48","24.08","26.04","2750"
"340","-","2.51","-","8.99","6.79","20.43","24.01","25.97","2743"
"339","-","-","4.20","8.98","6.77","20.37","23.95","25.90","2736"
"338","-","2.50","-","8.97","6.76","20.32","23.88","25.83","2729"
"337","-","-","4.19","8.96","6.74","20.26","23.81","25.75","2722"
"336","-","-","-","8.95","6.72","20.21","23.75","25.68","2715"
"335","1.32","2.49","4.18","8.94","6.71","20.15","23.68","25.61","2708"
"334","-","-","-","8.93","6.69","20.10","23.61","25.54","2701"
"333","-","-","4.17","8.92","6.67","20.04","23.55","25.47","2694"
"332","-","2.48","-","8.91","6.65","19.99","23.48","25.40","2687"
"331","-","-","-","8.90","6.64","19.93","23.42","25.32","2681"
"330","-","2.47","4.16","8.89","6.62","19.88","23.35","25.25","2674"
"329","-","-","-","8.88","6.60","19.82","23.28","25.18","2667"
"328","-","-","4.15","8.87","6.59","19.76","23.22","25.11","2660"
"327","-","2.46","-","8.86","6.57","19.71","23.15","25.04","2653"
"326","1.31","-","4.14","8.85","6.55","19.65","23.08","24.97","2646"
"325","-","2.45","-","8.84","6.53","19.60","23.02","24.89","2639"
"324","-","-","4.13","8.83","6.52","19.54","22.95","24.82","2632"
"323","-","-","-","8.82","6.50","19.49","22.89","24.75","2625"
"322","-","2.44","4.12","8.81","6.48","19.43","22.82","24.68","2618"
"321","-","-","-","8.80","6.47","19.38","22.75","24.61","2611"
"320","-","2.43","4.11","8.79","6.45","19.32","22.69","24.54","2604"
"319","-","-","-","8.78","6.43","19.27","22.62","24.46","2597"
"318","1.30","-","4.10","8.77","6.42","19.21","22.55","24.39","2590"
"317","-","2.42","-","8.76","6.40","19.15","22.49","24.32","2583"
"316","-","-","4.09","8.75","6.38","19.10","22.42","24.25","2577"
"315","-","2.41","-","8.74","6.36","19.04","22.36","24.18","2570"
"314","-","-","4.08","8.73","6.35","18.99","22.29","24.11","2563"
"313","-","-","-","8.72","6.33","18.93","22.22","24.03","2556"
"312","-","2.40","4.07","8.71","6.31","18.88","22.16","23.96","2549"
"311","-","-","-","8.70","6.30","18.82","22.09","23.89","2542"
"310","1.29","2.39","4.06","8.69","6.28","18.77","22.02","23.82","2535"
"309","-","-","-","8.68","6.26","18.71","21.96","23.75","2528"
"308","-","-","4.05","8.67","6.24","18.66","21.89","23.68","2521"
"307","-","2.38","-","8.66","6.23","18.60","21.83","23.60","2514"
"306","-","-","4.04","8.65","6.21","18.55","21.76","23.53","2507"
"305","-","-","-","8.64","6.19","18.49","21.69","23.46","2500"
"304","-","2.37","4.03","8.63","6.18","18.43","21.63","23.39","2493"
"303","-","-","-","8.62","6.16","18.38","21.56","23.32","2486"
"302","-","2.36","4.02","8.61","6.14","18.32","21.49","23.25","2479"
"301","1.28","-","-","8.60","6.12","18.27","21.43","23.17","2472"
"300","-","-","4.01","8.59","6.11","18.21","21.36","23.10","2465"
"299","-","2.35","-","8.58","6.09","18.16","21.30","23.03","2459"
"298","-","-","4.00","8.57","6.07","18.10","21.23","22.96","2452"
"297","-","2.34","-","8.56","6.06","18.05","21.16","22.89","2445"
"296","-","-","3.99","8.55","6.04","17.99","21.10","22.82","2438"
"295","-","-","-","8.54","6.02","17.94","21.03","22.74","2431"
"294","-","2.33","3.98","8.53","6.01","17.88","20.96","22.67","2424"
"293","1.27","-","-","8.52","5.99","17.82","20.90","22.60","2417"
"292","-","2.32","3.97","8.51","5.97","17.77","20.83","22.53","2410"
"291","-","-","-","8.50","5.95","17.71","20.77","22.46","2403"
"290","-","-","3.96","8.49","5.94","17.66","20.70","22.39","2396"
"289","-","2.31","-","8.47","5.92","17.60","20.63","22.31","2389"
"288","-","-","3.95","8.46","5.90","17.55","20.57","22.24","2382"
"287","-","2.30","-","8.45","5.89","17.49","20.50","22.17","2375"
"286","-","-","3.94","8.44","5.87","17.44","20.43","22.10","2368"
"285","1.26","-","-","8.43","5.85","17.38","20.37","22.03","2361"
"284","-","2.29","3.93","8.42","5.83","17.33","20.30","21.96","2354"
"283","-","-","-","8.41","5.82","17.27","20.24","21.88","2347"
"282","-","2.28","3.92","8.40","5.80","17.21","20.17","21.81","2340"
"281","-","-","-","8.39","5.78","17.16","20.10","21.74","2333"
"280","-","-","3.91","8.38","5.77","17.10","20.04","21.67","2326"
"279","-","2.27","-","8.37","5.75","17.05","19.97","21.60","2319"
"278","-","-","3.90","8.36","5.73","16.99","19.90","21.53","2312"
"277","1.25","2.26","-","8.35","5.71","16.94","19.84","21.45","2306"
"276","-","-","3.89","8.34","5.70","16.88","19.77","21.38","2299"
"275","-","-","-","8.33","5.68","16.83","19.70","21.31","2292"
"274","-","2.25","3.88","8.32","5.66","16.77","19.64","21.24","2285"
"273","-","-","-","8.31","5.65","16.72","19.57","21.17","2278"
"272","-","-","3.87","8.30","5.63","16.66","19.51","21.10","2271"
"271","-","2.24","-","8.29","5.61","16.60","19.44","21.02","2264"
"270","-","-","3.86","8.28","5.59","16.55","19.37","20.95","2257"
"269","-","2.23","-","8.27","5.58","16.49","19.31","20.88","2250"
"268","1.24","-","3.85","8.26","5.56","16.44","19.24","20.81","2243"
"267","-","-","-","8.25","5.54","16.38","19.17","20.74","2236"
"266","-","2.22","3.84","8.24","5.53","16.33","19.11","20.67","2229"
"265","-","-","-","8.23","5.51","16.27","19.04","20.59","2222"
"264","-","2.21","3.83","8.22","5.49","16.22","18.98","20.52","2215"
"263","-","-","-","8.21","5.48","16.16","18.91","20.45","2208"
"262","-","-","3.82","8.20","5.46","16.10","18.84","20.38","2201"
"261","-","2.20","-","8.19","5.44","16.05","18.78","20.31","2194"
"260","1.23","-","3.81","8.18","5.42","15.99","18.71","20.23","2187"
"259","-","2.19","-","8.17","5.41","15.94","18.64","20.16","2180"
"258","-","-","3.80","8.16","5.39","15.88","18.58","20.09","2173"
"257","-","-","-","8.15","5.37","15.83","18.51","20.02","2166"
"256","-","2.18","3.79","8.14","5.36","15.77","18.44","19.95","2159"
"255","-","-","-","8.13","5.34","15.72","18.38","19.88","2152"
"254","-","2.17","3.78","8.12","5.32","15.66","18.31","19.80","2145"
"253","-","-","-","8.11","5.30","15.61","18.25","19.73","2138"
"252","1.22","-","3.77","8.10","5.29","15.55","18.18","19.66","2131"
"251","-","2.16","-","8.09","5.27","15.49","18.11","19.59","2124"
"250","-","-","3.76","8.08","5.25","15.44","18.05","19.52","2117"
"249","-","2.15","-","8.07","5.24","15.38","17.98","19.45","2110"
"248","-","-","3.75","8.06","5.22","15.33","17.91","19.37","2103"
"247","-","-","-","8.05","5.20","15.27","17.85","19.30","2096"
"246","-","2.14","3.74","8.04","5.18","15.22","17.78","19.23","2089"
"245","-","-","-","8.03","5.17","15.16","17.71","19.16","2082"
"244","1.21","2.13","3.73","8.02","5.15","15.11","17.65","19.09","2075"
"243","-","-","-","8.01","5.13","15.05","17.58","19.01","2068"
"242","-","-","3.72","8.00","5.12","14.99","17.52","18.94","2061"
"241","-","2.12","-","7.99","5.10","14.94","17.45","18.87","2054"
"240","-","-","3.71","7.98","5.08","14.88","17.38","18.80","2047"
"239","-","2.11","-","7.97","5.06","14.83","17.32","18.73","2040"
"238","-","-","3.70","7.96","5.05","14.77","17.25","18.66","2033"
"237","-","-","-","7.95","5.03","14.72","17.18","18.58","2026"
"236","-","2.10","3.69","7.94","5.01","14.66","17.12","18.51","2020"
"235","1.20","-","-","7.93","5.00","14.61","17.05","18.44","2013"
"234","-","2.09","3.68","7.92","4.98","14.55","16.98","18.37","2006"
"233","-","-","-","7.91","4.96","14.50","16.92","18.30","1999"
"232","-","-","3.67","7.90","4.94","14.44","16.85","18.23","1992"
"231","-","2.08","-","7.89","4.93","14.38","16.79","18.15","1985"
"230","-","-","3.66","7.88","4.91","14.33","16.72","18.08","1978"
"229","-","-","-","7.87","4.89","14.27","16.65","18.01","1971"
"228","-","2.07","3.65","7.86","4.88","14.22","16.59","17.94","1964"
"227","1.19","-","-","7.85","4.86","14.16","16.52","17.87","1957"
"226","-","2.06","3.64","7.84","4.84","14.11","16.45","17.79","1950"
"225","-","-","-","7.82","4.82","14.05","16.39","17.72","1943"
"224","-","-","3.63","7.81","4.81","14.00","16.32","17.65","1936"
"223","-","2.05","-","7.80","4.79","13.94","16.25","17.58","1929"
"222","-","-","3.62","7.79","4.77","13.88","16.19","17.51","1922"
"221","-","2.04","-","7.78","4.76","13.83","16.12","17.44","1915"
"220","-","-","3.61","7.77","4.74","13.77","16.05","17.36","1908"
"219","1.18","-","-","7.76","4.72","13.72","15.99","17.29","1901"
"218","-","2.03","3.60","7.75","4.70","13.66","15.92","17.22","1894"
"217","-","-","-","7.74","4.69","13.61","15.86","17.15","1887"
"216","-","2.02","3.59","7.73","4.67","13.55","15.79","17.08","1880"
"215","-","-","-","7.72","4.65","13.50","15.72","17.00","1873"
"214","-","-","3.58","7.71","4.64","13.44","15.66","16.93","1866"
"213","-","2.01","-","7.70","4.62","13.38","15.59","16.86","1859"
"212","-","-","3.57","7.69","4.60","13.33","15.52","16.79","1852"
"211","1.17","2.00","-","7.68","4.59","13.27","15.46","16.72","1845"
"210","-","-","-","7.67","4.57","13.22","15.39","16.65","1838"
"209","-","-","3.56","7.66","4.55","13.16","15.32","16.57","1831"
"208","-","1.99","-","7.65","4.53","13.11","15.26","16.50","1824"
"207","-","-","3.55","7.64","4.52","13.05","15.19","16.43","1817"
"206","-","1.98","-","7.63","4.50","13.00","15.13","16.36","1810"
"205","-","-","3.54","7.62","4.48","12.94","15.06","16.29","1803"
"204","-","-","-","7.61","4.47","12.88","14.99","16.21","1796"
"203","1.16","1.97","3.53","7.60","4.45","12.83","14.93","16.14","1788"
"202","-","-","-","7.59","4.43","12.77","14.86","16.07","1781"
"201","-","1.96","3.52","7.58","4.41","12.72","14.79","16.00","1774"
"200","-","-","-","7.57","4.40","12.66","14.73","15.93","1767"
"199","-","-","3.51","7.56","4.38","12.61","14.66","15.86","1760"
"198","-","1.95","-","7.55","4.36","12.55","14.59","15.78","1753"
"197","-","-","3.50","7.54","4.35","12.50","14.53","15.71","1746"
"196","-","1.94","-","7.53","4.33","12.44","14.46","15.64","1739"
"195","-","-","3.49","7.52","4.31","12.38","14.39","15.57","1732"
"194","1.15","-","-","7.51","4.29","12.33","14.33","15.50","1725"
"193","-","1.93","3.48","7.50","4.28","12.27","14.26","15.42","1718"
"192","-","-","-","7.49","4.26","12.22","14.19","15.35","1711"
"191","-","1.92","3.47","7.48","4.24","12.16","14.13","15.28","1704"
"190","-","-","-","7.47","4.23","12.11","14.06","15.21","1697"
"189","-","-","3.46","7.46","4.21","12.05","14.00","15.14","1690"
"188","-","1.91","-","7.45","4.19","11.99","13.93","15.06","1683"
"187","-","-","3.45","7.44","4.17","11.94","13.86","14.99","1676"
"186","1.14","1.90","-","7.43","4.16","11.88","13.80","14.92","1669"
"185","-","-","3.44","7.42","4.14","11.83","13.73","14.85","1662"
"184","-","-","-","7.41","4.12","11.77","13.66","14.78","1655"
"183","-","1.89","3.43","7.40","4.11","11.72","13.60","14.71","1648"
"182","-","-","-","7.39","4.09","11.66","13.53","14.63","1641"
"181","-","1.88","3.42","7.38","4.07","11.61","13.46","14.56","1634"
"180","-","-","-","7.37","4.05","11.55","13.40","14.49","1627"
"179","-","-","3.41","7.36","4.04","11.49","13.33","14.42","1620"
"178","1.13","1.87","-","7.35","4.02","11.44","13.26","14.35","1613"
"177","-","-","3.40","7.33","4.00","11.38","13.20","14.27","1606"
"176","-","1.86","-","7.32","3.99","11.33","13.13","14.20","1599"
"175","-","-","3.39","7.31","3.97","11.27","13.07","14.13","1592"
"174","-","-","-","7.30","3.95","11.22","13.00","14.06","1585"
"173","-","1.85","3.38","7.29","3.93","11.16","12.93","13.99","1578"
"172","-","-","-","7.28","3.92","11.11","12.87","13.91","1571"
"171","-","1.84","3.37","7.27","3.90","11.05","12.80","13.84","1564"
"170","1.12","-","-","7.26","3.88","10.99","12.73","13.77","1557"
"169","-","-","3.36","7.25","3.87","10.94","12.67","13.70","1550"
"168","-","1.83","-","7.24","3.85","10.88","12.60","13.63","1543"
"167","-","-","3.35","7.23","3.83","10.83","12.53","13.55","1536"
"166","-","1.82","-","7.22","3.81","10.77","12.47","13.48","1529"
"165","-","-","3.34","7.21","3.80","10.72","12.40","13.41","1522"
"164","-","-","-","7.20","3.78","10.66","12.33","13.34","1515"
"163","-","1.81","3.33","7.19","3.76","10.60","12.27","13.27","1507"
"162","1.11","-","-","7.18","3.75","10.55","12.20","13.20","1500"
"161","-","1.80","3.32","7.17","3.73","10.49","12.13","13.12","1493"
"160","-","-","-","7.16","3.71","10.44","12.07","13.05","1486"
"159","-","-","3.31","7.15","3.69","10.38","12.00","12.98","1479"
"158","-","1.79","-","7.14","3.68","10.33","11.93","12.91","1472"
"157","-","-","3.30","7.13","3.66","10.27","11.87","12.84","1465"
"156","-","1.78","3.29","7.12","3.64","10.22","11.80","12.76","1458"
"155","-","-","-","7.11","3.63","10.16","11.74","12.69","1451"
"154","1.10","-","3.28","7.10","3.61","10.10","11.67","12.62","1444"
"153","-","1.77","-","7.09","3.59","10.05","11.60","12.55","1437"
"152","-","-","3.27","7.08","3.57","9.99","11.54","12.48","1430"
"151","-","1.76","-","7.07","3.56","9.94","11.47","12.40","1423"
"150","-","-","3.26","7.06","3.54","9.88","11.40","12.33","1416"
"149","-","-","-","7.05","3.52","9.83","11.34","12.26","1409"
"148","-","1.75","3.25","7.04","3.51","9.77","11.27","12.19","1402"
"147","-","-","-","7.03","3.49","9.71","11.20","12.12","1395"
"146","-","1.74","3.24","7.02","3.47","9.66","11.14","12.04","1388"
"145","1.09","-","-","7.01","3.45","9.60","11.07","11.97","1381"
"144","-","-","3.23","7.00","3.44","9.55","11.00","11.90","1374"
"143","-","1.73","-","6.99","3.42","9.49","10.94","11.83","1367"
"142","-","-","3.22","6.98","3.40","9.44","10.87","11.76","1360"
"141","-","1.72","-","6.97","3.39","9.38","10.80","11.68","1352"
"140","-","-","3.21","6.96","3.37","9.32","10.74","11.61","1345"
"139","-","-","-","6.95","3.35","9.27","10.67","11.54","1338"
"138","-","1.71","3.20","6.94","3.33","9.21","10.60","11.47","1331"
"137","1.08","-","-","6.92","3.32","9.16","10.54","11.40","1324"
"136","-","1.70","3.19","6.91","3.30","9.10","10.47","11.32","1317"
"135","-","-","-","6.90","3.28","9.05","10.40","11.25","1310"
"134","-","-","3.18","6.89","3.27","8.99","10.34","11.18","1303"
"133","-","1.69","-","6.88","3.25","8.94","10.27","11.11","1296"
"132","-","-","3.17","6.87","3.23","8.88","10.20","11.04","1289"
"131","-","1.68","-","6.86","3.21","8.82","10.14","10.97","1282"
"130","-","-","3.16","6.85","3.20","8.77","10.07","10.89","1275"
"129","1.07","-","-","6.84","3.18","8.71","10.01","10.82","1268"
"128","-","1.67","3.15","6.83","3.16","8.66","9.94","10.75","1261"
"127","-","-","-","6.82","3.14","8.60","9.87","10.68","1254"
"126","-","1.66","3.14","6.81","3.13","8.55","9.81","10.61","1247"
"125","-","-","-","6.80","3.11","8.49","9.74","10.53","1240"
"124","-","-","3.13","6.79","3.09","8.43","9.67","10.46","1232"
"123","-","1.65","-","6.78","3.08","8.38","9.61","10.39","1225"
"122","-","-","3.12","6.77","3.06","8.32","9.54","10.32","1218"
"121","1.06","1.64","-","6.76","3.04","8.27","9.47","10.25","1211"
"120","-","-","3.11","6.75","3.02","8.21","9.41","10.17","1204"
"119","-","-","-","6.74","3.01","8.16","9.34","10.10","1197"
"118","-","1.63","3.10","6.73","2.99","8.10","9.27","10.03","1190"
"117","-","-","-","6.72","2.97","8.04","9.21","9.96","1183"
"116","-","1.62","3.09","6.71","2.96","7.99","9.14","9.89","1176"
"115","-","-","-","6.70","2.94","7.93","9.07","9.81","1169"
"114","-","-","3.08","6.69","2.92","7.88","9.01","9.74","1162"
"113","1.05","1.61","-","6.68","2.90","7.82","8.94","9.67","1155"
"112","-","-","3.07","6.67","2.89","7.77","8.87","9.60","1148"
"111","-","1.60","-","6.66","2.87","7.71","8.81","9.53","1141"
"110","-","-","3.06","6.65","2.85","7.65","8.74","9.45","1133"
"109","-","-","-","6.64","2.84","7.60","8.67","9.38","1126"
"108","-","1.59","3.05","6.63","2.82","7.54","8.61","9.31","1119"
"107","-","-","-","6.62","2.80","7.49","8.54","9.24","1112"
"106","-","1.58","3.04","6.61","2.78","7.43","8.47","9.17","1105"
"105","1.04","-","-","6.60","2.77","7.38","8.41","9.09","1098"
"104","-","-","3.03","6.59","2.75","7.32","8.34","9.02","1091"
"103","-","1.57","-","6.57","2.73","7.26","8.27","8.95","1084"
"102","-","-","3.02","6.56","2.72","7.21","8.21","8.88","1077"
"101","-","1.56","-","6.55","2.70","7.15","8.14","8.81","1070"
"100","-","-","3.01","6.54","2.68","7.10","8.07","8.73","1063"
"99","-","-","-","6.53","2.66","7.04","8.01","8.66","1056"
"98","-","1.55","3.00","6.52","2.65","6.99","7.94","8.59","1049"
"97","1.03","-","-","6.51","2.63","6.93","7.87","8.52","1041"
"96","-","1.54","2.99","6.50","2.61","6.87","7.81","8.44","1034"
"95","-","-","-","6.49","2.60","6.82","7.74","8.37","1027"
"94","-","-","2.98","6.48","2.58","6.76","7.67","8.30","1020"
"93","-","1.53","-","6.47","2.56","6.71","7.61","8.23","1013"
"92","-","-","2.97","6.46","2.54","6.65","7.54","8.16","1006"
"91","-","1.52","-","6.45","2.53","6.60","7.47","8.08","999"
"90","-","-","2.96","6.44","2.51","6.54","7.41","8.01","992"
"89","-","-","-","6.43","2.49","6.48","7.34","7.94","985"
"88","1.02","1.51","2.95","6.42","2.48","6.43","7.28","7.87","978"
"87","-","-","-","6.41","2.46","6.37","7.21","7.80","971"
"86","-","1.50","2.94","6.40","2.44","6.32","7.14","7.72","963"
"85","-","-","-","6.39","2.42","6.26","7.08","7.65","956"
"84","-","-","2.93","6.38","2.41","6.21","7.01","7.58","949"
"83","-","1.49","-","6.37","2.39","6.15","6.94","7.51","942"
"82","-","-","2.92","6.36","2.37","6.09","6.88","7.44","935"
"81","-","1.48","-","6.35","2.36","6.04","6.81","7.36","928"
"80","1.01","-","2.91","6.34","2.34","5.98","6.74","7.29","921"
"79","-","-","-","6.33","2.32","5.93","6.68","7.22","914"
"78","-","1.47","2.90","6.32","2.30","5.87","6.61","7.15","907"
"77","-","-","-","6.31","2.29","5.82","6.54","7.08","900"
"76","-","1.46","2.89","6.30","2.27","5.76","6.48","7.00","893"
"75","-","-","-","6.29","2.25","5.70","6.41","6.93","885"
"74","-","-","2.88","6.28","2.23","5.65","6.34","6.86","878"
"73","-","1.45","-","6.27","2.22","5.59","6.28","6.79","871"
"72","1.00","-","2.87","6.25","2.20","5.54","6.21","6.72","864"
"71","-","1.44","-","6.24","2.18","5.48","6.14","6.64","857"
"70","-","-","2.86","6.23","2.17","5.43","6.08","6.57","850"
"69","-","-","-","6.22","2.15","5.37","6.01","6.50","843"
"68","-","1.43","2.85","6.21","2.13","5.31","5.94","6.43","836"
"67","-","-","-","6.20","2.11","5.26","5.88","6.36","829"
"66","-","1.42","2.84","6.19","2.10","5.20","5.81","6.28","822"
"65","-","-","-","6.18","2.08","5.15","5.74","6.21","814"
"64","0.99","-","2.83","6.17","2.06","5.09","5.68","6.14","807"
"63","-","1.41","-","6.16","2.05","5.03","5.61","6.07","800"
"62","-","-","2.82","6.15","2.03","4.98","5.54","5.99","793"
"61","-","1.40","-","6.14","2.01","4.92","5.48","5.92","786"
"60","-","-","2.81","6.13","1.99","4.87","5.41","5.85","779"
"59","-","-","-","6.12","1.98","4.81","5.34","5.78","772"
"58","-","1.39","2.80","6.11","1.96","4.76","5.28","5.71","765"
"57","-","-","-","6.10","1.94","4.70","5.21","5.63","758"
"56","0.98","1.38","2.79","6.09","1.93","4.64","5.14","5.56","750"
"55","-","-","-","6.08","1.91","4.59","5.08","5.49","743"
"54","-","-","2.78","6.07","1.89","4.53","5.01","5.42","736"
"53","-","1.37","-","6.06","1.87","4.48","4.94","5.35","729"
"52","-","-","2.77","6.05","1.86","4.42","4.88","5.27","722"
"51","-","1.36","-","6.04","1.84","4.37","4.81","5.20","715"
"50","-","-","2.76","6.03","1.82","4.31","4.74","5.13","708"
"49","-","-","-","6.02","1.80","4.25","4.68","5.06","701"
"48","0.97","1.35","2.75","6.01","1.79","4.20","4.61","4.99","694"
"47","-","-","-","6.00","1.77","4.14","4.54","4.91","686"
"46","-","1.34","2.74","5.99","1.75","4.09","4.48","4.84","679"
"45","-","-","-","5.98","1.74","4.03","4.41","4.77","672"
"44","-","-","2.73","5.96","1.72","3.98","4.34","4.70","665"
"43","-","1.33","-","5.95","1.70","3.92","4.28","4.62","658"
"42","-","-","2.72","5.94","1.68","3.86","4.21","4.55","651"
"41","-","1.32","-","5.93","1.67","3.81","4.14","4.48","644"
"40","0.96","-","2.71","5.92","1.65","3.75","4.08","4.41","637"
"39","-","1.31","-","5.91","1.63","3.70","4.01","4.34","629"
"38","-","-","2.70","5.90","1.62","3.64","3.94","4.26","622"
"37","-","-","2.69","5.89","1.60","3.58","3.88","4.19","615"
"36","-","1.30","-","5.88","1.58","3.53","3.81","4.12","608"
"35","-","-","2.68","5.87","1.56","3.47","3.74","4.05","601"
"34","-","1.29","-","5.86","1.55","3.42","3.67","3.98","594"
"33","-","-","2.67","5.85","1.53","3.36","3.61","3.90","587"
"32","0.95","-","-","5.84","1.51","3.31","3.54","3.83","580"
"31","-","1.28","2.66","5.83","1.50","3.25","3.47","3.76","572"
"30","-","-","-","5.82","1.48","3.19","3.41","3.69","565"
"29","-","1.27","2.65","5.81","1.46","3.14","3.34","3.61","558"
"28","-","-","-","5.80","1.44","3.08","3.27","3.54","551"
"27","-","-","2.64","5.79","1.43","3.03","3.21","3.47","544"
"26","-","1.26","-","5.78","1.41","2.97","3.14","3.40","537"
"25","-","-","2.63","5.77","1.39","2.91","3.07","3.33","530"
"24","0.94","1.25","-","5.76","1.37","2.86","3.01","3.25","522"
"23","-","-","2.62","5.75","1.36","2.80","2.94","3.18","515"
"22","-","-","-","5.74","1.34","2.75","2.87","3.11","508"
"21","-","1.24","2.61","5.73","1.32","2.69","2.81","3.04","501"
"20","-","-","-","5.72","1.31","2.64","2.74","2.97","494"
"19","-","1.23","2.60","5.71","1.29","2.58","2.67","2.89","487"
"18","-","-","-","5.70","1.27","2.52","2.61","2.82","480"
"17","-","-","2.59","5.68","1.25","2.47","2.54","2.75","472"
"16","0.93","1.22","-","5.67","1.24","2.41","2.47","2.68","465"
"15","-","-","2.58","5.66","1.22","2.36","2.41","2.60","458"
"14","-","1.21","-","5.65","1.20","2.30","2.34","2.53","451"
"13","-","-","2.57","5.64","1.19","2.24","2.27","2.46","444"
"12","-","-","-","5.63","1.17","2.19","2.21","2.39","437"
"11","-","1.20","2.56","5.62","1.15","2.13","2.14","2.32","430"
"10","-","-","-","5.61","1.13","2.08","2.07","2.24","423"
"9","-","1.19","2.55","5.60","1.12","2.02","2.01","2.17","415"
"8","0.92","-","-","5.59","1.10","1.97","1.94","2.10","408"
"7","-","-","2.54","5.58","1.08","1.91","1.87","2.03","401"
"6","-","1.18","-","5.57","1.07","1.85","1.81","1.95","394"
"5","-","-","2.53","5.56","1.05","1.80","1.74","1.88","387"
"4","-","1.17","-","5.55","1.03","1.74","1.67","1.81","380"
"3","-","-","2.52","5.54","1.01","1.69","1.61","1.74","372"
"2","-","-","-","5.53","1.00","1.63","1.54","1.67","365"
"1","-","1.16","2.51","5.52","0.98","1.57","1.47","1.59","358"
